지점,일시,평균기온(°C),최저기온(°C),최저기온 시각(hhmi),최고기온(°C),최고기온 시각(hhmi),강수 계속시간(hr),10분 최다 강수량(mm),10분 최다강수량 시각(hhmi),1시간 최다강수량(mm),1시간 최다 강수량 시각(hhmi),일강수량(mm),최대 순간 풍속(m/s),최대 순간 풍속 풍향(16방위),최대 순간풍속 시각(hhmi),최대 풍속(m/s),최대 풍속 풍향(16방위),최대 풍속 시각(hhmi),평균 풍속(m/s),풍정합(100m),평균 이슬점온도(°C),최소 상대습도(%),최소 상대습도 시각(hhmi),평균 상대습도(%),평균 증기압(hPa),평균 현지기압(hPa),최고 해면기압(hPa),최고 해면기압 시각(hhmi),최저 해면기압(hPa),최저 해면기압 시각(hhmi),평균 해면기압(hPa),가조시간(hr),합계 일조시간(hr),1시간 최다일사 시각(hhmi),1시간 최다일사량(MJ/m2),합계 일사량(MJ/m2),일 최심신적설(cm),일 최심신적설 시각(hhmi),일 최심적설(cm),일 최심적설 시각(hhmi),합계 3시간 신적설(cm),평균 전운량(1/10),평균 중하층운량(1/10),평균 지면온도(°C),최저 초상온도(°C),평균 5cm 지중온도(°C),평균 10cm 지중온도(°C),평균 20cm 지중온도(°C),평균 30cm 지중온도(°C),0.5m 지중온도(°C),1.0m 지중온도(°C),1.5m 지중온도(°C),3.0m 지중온도(°C),5.0m 지중온도(°C),합계 대형증발량(mm),합계 소형증발량(mm),9-9강수(mm),안개 계속시간(hr)
112,2019-01-01,-4.4,-7.2,736,-.9,1452,,,,,,,10.6,340,1904,7.3,340,1937,3.3,2889,-11.5,46,1753,57.6,2.6,1024.9,1035.9,304,1031.6,1358,1033.9,9.6,6.8,1100,1.46,7.76,,,,,,2.5,1.9,-3.6,-11.3,-.6,-.3,.6,1.4,2.4,4.9,7.8,13,15.8,1,1.5,,
112,2019-01-02,-3.9,-6.4,109,0,1438,,,,,,,6.5,320,1209,4.8,340,2129,2.2,1898,-13.3,31,1342,48.8,2.2,1025.6,1036.5,935,1033.3,1435,1034.6,9.7,9.1,1200,1.83,10.46,,,,,,0,0,-3.9,-14.7,-.7,-.4,.5,1.3,2.3,4.8,7.8,13,15.9,1.4,2,,
112,2019-01-03,-2.6,-6.4,730,2.4,1527,,,,,,,6.6,20,154,4.6,20,202,2.1,1843,-13.3,23,1416,45.6,2.3,1026.3,1037.3,1101,1033.8,1652,1035.3,9.7,9.3,1200,1.78,10.3,,,,,,.4,0,-3.3,-11.7,-.7,-.4,.4,1.2,2.2,4.7,7.7,13,15.8,1.3,1.9,,
112,2019-01-04,-.3,-4.3,755,3.5,1443,.25,,,,,0,5.8,290,2256,3.6,340,2257,1.9,1613,-5.7,48,1104,67.6,4.2,1021.6,1034.9,1,1026.9,2343,1030.4,9.7,3,1300,1.21,5.5,,,,,,3.6,2.4,-2,-12.5,-.7,-.5,.3,1.1,2,4.5,7.5,12.8,15.7,.9,1.2,0,
112,2019-01-05,-2.8,-5.2,2400,.5,1,,,,,,,9.7,360,1003,6.5,360,1007,3.8,3271,-14,23,1527,43.4,2.2,1019,1030.1,1044,1026.1,1636,1027.8,9.7,9.2,1300,1.74,9.97,,,,,,1.8,.8,-3.1,-7.9,-.5,-.4,.3,1.1,2,4.3,7.3,12.7,15.7,1.7,2.4,,
112,2019-01-06,-2.7,-5.8,459,1.9,1502,,,,,,,6.8,70,638,4.5,20,47,2.1,1822,-12.9,29,1159,46.4,2.4,1019.8,1029.8,1043,1027.5,634,1028.7,9.7,8.2,1200,1.76,9.88,,,,,,2.6,0,-2.6,-12.6,-.7,-.5,.3,1.1,2,4.3,7.3,12.7,15.7,1.2,1.7,,
112,2019-01-07,-1.3,-4.9,745,2.5,1325,,,,,,,9.4,320,1350,6.2,340,1351,2.1,1852,-8.4,39,1351,59.4,3.3,1019.5,1029.9,937,1027.2,1844,1028.3,9.7,6.3,1200,1.6,8.41,,,,,,3.4,.6,-2.4,-14.5,-.7,-.5,.3,1,1.9,4.2,7.2,12.6,15.7,1.3,1.9,,
112,2019-01-08,-2.9,-5.8,2300,.3,1527,,,,,,,13.9,20,2015,9.4,360,1951,4.9,4276,-14.5,27,1358,40.8,2,1020.5,1033.1,2331,1027.2,52,1029.4,9.7,8.7,1200,1.81,10.31,,,,,,.4,0,-2.9,-7.9,-.5,-.5,.3,1,1.9,4.1,7.1,12.5,15.7,1.9,2.7,,
112,2019-01-09,-4.6,-8.3,752,-.8,1509,,,,,,,9.4,360,124,6.2,360,115,2.4,2114,-17.2,25,1222,37,1.6,1024.1,1036.4,930,1029.4,2352,1033.1,9.8,7.9,1300,1.43,8.63,,,,,,5.1,0,-3.6,-12,-.8,-.6,.2,.9,1.8,4.1,7,12.4,15.6,1.2,1.7,,
112,2019-01-10,-.9,-4.2,234,2.1,1506,,,,,,,6.2,200,1556,3.4,200,1523,1.9,1619,-8.5,29,938,59.3,3.6,1017.6,1029.6,3,1024.8,1410,1026.5,9.8,3.3,1000,.99,5.4,,,,,,8.4,7.9,-1.2,-7.6,-.5,-.5,.2,.9,1.7,4,6.9,12.3,15.6,.7,1,,
112,2019-01-11,2.2,.3,829,5.8,1345,,,,,,,5,50,2132,3.3,340,1849,1.6,1420,-2.4,51,1418,71.8,5.1,1016.3,1027,938,1022.1,2342,1025,9.8,6.6,1300,1.55,8.39,,,,,,7,6.5,.4,-4.5,-.4,-.4,.2,.9,1.7,3.9,6.7,12.1,15.4,1.2,1.7,,
112,2019-01-12,2.2,.8,748,6.3,1342,,,,,,,5.9,360,1756,3.9,340,1744,2.1,1845,-4.6,39,1330,61.6,4.4,1014.3,1024.5,2400,1021.3,1405,1023,9.8,3.6,1100,1.39,6.33,,,,,,4.9,4.9,.2,-5.7,-.3,-.3,.3,.9,1.7,3.9,6.7,12.1,15.5,1.1,1.5,,
112,2019-01-13,1.3,-2.7,729,6.5,1432,,,,,,,5.5,340,127,4,340,129,2,1694,-4.7,29,1255,66.9,4.4,1016.9,1026.7,2347,1024.5,1,1025.7,9.8,8.6,1200,1.78,9.96,,,,,,0,0,-.6,-9.7,-.3,-.3,.3,.9,1.7,3.8,6.6,11.9,15.4,1.2,1.7,,
112,2019-01-14,1.7,-1.2,731,4.4,1427,,,,,,,3.8,250,848,2.8,360,2,1.2,1056,-1.3,64,1558,80.6,5.6,1016.8,1027.9,1059,1023.3,2353,1025.5,9.9,0,1200,1.1,5.96,,,,,,7.1,5.8,-.3,-9.3,-.2,-.3,.3,1,1.7,3.8,6.5,11.9,15.4,.7,1,,6.52
112,2019-01-15,-1.9,-6.3,2344,2.4,1,,,,,,,13.9,290,1832,9.6,340,1835,4.9,4222,-7.3,43,1548,67.1,3.7,1015.7,1027.9,2323,1022.6,538,1024.5,9.9,4.7,1300,1.58,7.78,,,,,,3.6,3.4,-1.2,-7.8,-.3,-.3,.3,.9,1.6,3.7,6.4,11.7,15.3,1.3,1.9,,3.75
112,2019-01-16,-4.9,-9,724,-2,1631,3.67,,,,,.6,9,340,109,6.6,360,102,3.2,2802,-14,24,1419,51.4,2.3,1018,1029.6,1039,1024.4,2346,1027,9.9,9,1200,1.94,10.85,.6,2355,.6,2355,.6,4.3,2.6,-3.1,-10.9,-.3,-.3,.3,.9,1.6,3.6,6.3,11.6,15.2,1.2,1.7,.7,
112,2019-01-17,.6,-2.2,1,3.1,1603,1.58,,,,,.1,9.9,340,1447,6.3,340,1449,3.3,2821,-10,16,1345,47.9,3,1015.6,1027.5,2322,1022.1,543,1024.3,9.9,9.2,1200,1.93,11.41,,,.6,420,,1.6,1.5,-.8,-4.6,-.3,-.3,.4,1,1.6,3.6,6.3,11.6,15.2,2,2.8,,
112,2019-01-18,1.3,-3.3,714,6.1,1406,,,,,,,5.2,360,1,3.8,340,2,1.8,1544,-7.7,29,1119,52.3,3.6,1018.6,1029.5,844,1026.1,2342,1027.3,9.9,8.5,1200,1.75,10.14,,,,,,2,0,-1.4,-11.3,-.2,-.2,.4,1,1.7,3.7,6.3,11.6,15.3,1.5,2.1,,
112,2019-01-19,3.8,.8,345,8.5,1439,,,,,,,6.4,180,1014,4.5,180,1029,2.3,2022,-.9,50,1627,72,5.8,1013.5,1026.4,36,1018.8,2324,1022.2,10,5.7,1400,1.55,8.08,,,,,,6.6,4.5,1.5,-6.8,-.2,-.2,.5,1,1.7,3.6,6.2,11.5,15.2,1.3,1.9,,
112,2019-01-20,-1.4,-4.6,2323,3.1,1,,,,,,,12.3,340,1136,8.6,340,1118,5.6,4869,-12.1,23,1551,46,2.6,1014.1,1026.2,2207,1018.5,108,1022.9,10,9.4,1200,1.95,11.88,,,,,,.6,.4,-.9,-6.4,-.3,-.2,.5,1,1.7,3.6,6.1,11.3,15.1,2,2.9,,
112,2019-01-21,.5,-4.5,413,4.8,1430,,,,,,,12.8,270,1135,8.6,270,1144,3.7,3176,-5.6,45,1,63.3,4.2,1012.7,1026.1,1,1018.8,1655,1021.4,10,3.3,1400,1.21,5.38,,,,,,3.1,3.1,-1.1,-10.7,-.2,-.1,.5,1,1.6,3.5,6,11.2,15,1,1.5,,
112,2019-01-22,3.4,.1,754,7.1,1342,,,,,,,8.5,230,1346,5.3,270,2206,3,2566,-1.6,51,1343,70.5,5.5,1010.6,1020.5,1,1018.2,1624,1019.2,10,9.1,1200,1.93,11.31,,,,,,.6,.6,.5,-6,-.1,-.1,.5,1.1,1.5,3.5,6,11.2,15,1.5,2.1,,
112,2019-01-23,2.7,-.4,2345,6.5,1501,,,,,,,12.8,340,1406,8.8,340,1413,3.7,3219,-6.1,23,1531,57.5,4.2,1011.8,1023.9,2344,1017.4,524,1020.5,10.1,8.7,1200,1.95,11.39,,,,,,0,0,.4,-8.3,-.1,0,.6,1.1,1.6,3.6,6,11.2,15,2.4,3.4,,
112,2019-01-24,.2,-3.1,744,4.3,1409,,,,,,,6.7,270,1453,4.3,270,1610,2.4,2086,-11.7,15,1306,42.3,2.6,1015.9,1026.2,1009,1023.8,3,1024.7,10.1,9.5,1200,2.01,12.08,,,,,,.8,0,-1,-8.3,0,0,.6,1.1,1.6,3.5,6,11.1,15,1.9,2.7,,
112,2019-01-25,-1.1,-3.1,2352,1.3,1409,,,,,,,12.7,340,1641,8.7,340,1723,4.7,4067,-14.1,24,1511,37.5,2.1,1015.7,1026.8,2346,1022.5,1504,1024.5,10.1,9.1,1200,2.04,11.9,,,,,,.8,0,-1.6,-7.4,.1,0,.7,1.1,1.7,3.5,5.9,11,15,2.6,3.8,,
112,2019-01-26,-2.5,-5.6,713,1.6,1632,,,,,,,12.3,360,202,8.1,360,220,4.7,4090,-14.5,28,1505,39.4,2,1019.8,1030.2,906,1026.6,104,1028.7,10.1,9.6,1200,2.06,12.45,,,,,,0,0,-2,-7.1,0,0,.6,1.1,1.6,3.4,5.8,10.8,14.8,1.7,2.5,,
112,2019-01-27,.8,-4.4,645,4.1,1330,,,,,,,8.1,270,1730,5.3,270,1739,2.5,2166,-6.2,37,1134,60.4,4,1017.9,1030.7,1000,1020.9,2358,1026.7,10.2,6.5,1100,1.84,10.08,,,,,,4.6,2,-.8,-12.6,0,0,.7,1.1,1.6,3.5,5.9,10.9,14.9,1.5,2.1,0,
112,2019-01-28,1.2,-2.1,2349,4.2,58,.67,,,,,0,12.9,320,1155,8.2,340,1030,5.4,4648,-10,25,1154,45.6,3.1,1014,1026.6,2307,1018.7,540,1022.7,10.2,8.9,1200,1.97,12.03,,,,,,1.5,1,.2,-4,0,0,.7,1.1,1.6,3.4,5.7,10.7,14.7,2.4,3.4,,
112,2019-01-29,0,-3.8,728,4,1340,,,,,,,6.6,230,1443,4,20,12,2.1,1832,-11,24,1322,45,2.8,1019.1,1029.7,1055,1026,1,1027.9,10.2,9.3,1200,2.1,12.28,,,,,,3.6,0,-.6,-11.7,.1,0,.7,1.1,1.7,3.5,5.7,10.7,14.8,1.7,2.5,,
112,2019-01-30,1.7,-1.2,825,6.1,1423,,,,,,,5.9,340,2315,4.5,340,2400,1.7,1443,-3.4,50,1314,69.8,4.9,1016.9,1028.4,302,1022.9,2400,1025.7,10.3,6.4,1300,1.62,8.64,,,,,,6.4,1.9,.5,-7,.1,.1,.7,1.2,1.6,3.4,5.7,10.6,14.7,1.5,2.1,,
112,2019-01-31,-2.4,-5,2245,1.6,1,,,,,,,11.1,360,2025,7.2,340,2020,5,4342,-16.5,21,1605,33.4,1.7,1012.9,1024,2340,1019.9,1408,1021.8,10.3,3.4,1400,1.41,6.42,,,,,,7.8,4.9,-1.5,-6.5,.2,.1,.7,1.2,1.7,3.4,5.6,10.5,14.6,1.8,2.6,,
112,2019-02-01,-.9,-5.2,254,2.7,1420,,,,,,,9.3,270,1701,5.2,270,1753,2.5,2183,-9.7,39,54,51.5,3,1015.1,1025.2,1110,1022.7,1746,1023.9,10.3,6.8,1200,1.95,10.52,,,,,,2,2,-1.1,-11,.1,.1,.7,1.2,1.7,3.5,5.6,10.5,14.6,1.4,2,,
112,2019-02-02,2.9,-1.8,458,7.2,1536,.92,,,,,0,8.4,160,1122,5.3,160,1204,3,2630,-3.9,49,1523,61.4,4.6,1012.6,1023.7,17,1018,2400,1021.2,10.4,2,1500,1.21,5.78,,,,,,8,7.3,.1,-7.6,.2,.1,.7,1.2,1.7,3.4,5.6,10.4,14.5,1.2,1.7,12.9,
112,2019-02-03,3.1,.6,2358,4.7,1,19.17,,,,,19.5,13.5,340,2148,8.8,340,2142,3.5,3000,2.2,61,1,94,7.2,1004.3,1019.3,2400,1008,1400,1012.8,10.4,0,1300,.1,.58,,,,,,8.4,6.6,1.5,-.6,.5,.2,.8,1.2,1.8,3.5,5.6,10.4,14.6,.6,.9,6.6,13.6
112,2019-02-04,-.7,-2.2,755,1.8,1441,,,,,,,9.4,340,16,6.9,340,19,3,2629,-12,24,1416,43,2.5,1017,1028.3,1046,1019.3,1,1025.8,10.4,8.7,1200,2.14,12.56,,,,,,2.9,0,.9,-7.7,.7,.4,1,1.3,2,3.4,5.5,10.3,14.5,1.8,2.6,,
112,2019-02-05,3.6,-2.1,402,8.8,1405,,,,,,,10.6,230,1244,5.1,180,1102,2.9,2475,-9.5,20,1253,38.9,3,1012.4,1025.8,12,1017.8,2152,1021,10.5,7.6,1200,1.96,11.66,,,,,,4,1,1.5,-7.2,.8,.6,1.1,1.4,2.1,3.5,5.5,10.2,14.5,2.4,3.5,,
112,2019-02-06,5.3,1.9,727,9.9,1328,,,,,,,6,230,1605,3.8,200,1619,2.1,1787,-1.7,39,2,62.8,5.6,1007.5,1018.4,16,1014.2,805,1016,10.5,3.4,1300,1.69,7.56,,,,,,7.9,5.1,2.9,-4.4,1.6,1.2,1.5,1.6,2.2,3.5,5.5,10.2,14.4,1.2,1.8,0,
112,2019-02-07,-2.9,-8.3,2356,5,1,3.42,,,,,0,14.1,340,650,9,360,745,6,5142,-12.5,25,1422,49.3,2.7,1014.4,1028.8,2352,1016.2,1,1023.2,10.5,9.2,1200,2.18,13.4,,,,,,4.6,2.3,.3,-9.2,2,1.7,2.1,2.1,2.6,3.5,5.4,10.1,14.3,2,2.8,,
112,2019-02-08,-6.8,-10.4,627,-3.6,1527,,,,,,,11.1,360,6,7.4,360,14,3.7,3211,-18.9,31,1139,37.5,1.4,1017.6,1029.3,1030,1024.1,2315,1026.6,10.6,8.2,1200,2.08,12.15,,,,,,5.9,1.3,-2.3,-11.1,.8,.8,1.5,1.9,2.5,3.6,5.4,9.9,14.2,1.5,2.2,,
112,2019-02-09,-5.2,-7.3,743,-2.8,1648,,,,,,,9.8,360,606,6.5,340,956,4.7,4097,-18,22,1731,36.8,1.5,1019.8,1032.6,2358,1024.2,1,1028.8,10.6,9.9,1200,2.31,13.34,,,,,,5,1.3,-2.2,-8.6,.4,.5,1.1,1.6,2.1,3.7,5.4,9.9,14.2,1.8,2.6,,
112,2019-02-10,-5.1,-8.1,607,-2.9,1552,,,,,,,8.3,360,23,5.5,360,20,3,2581,-17.3,33,1207,37.9,1.6,1022.2,1032.9,11,1029.6,1404,1031.2,10.6,1.2,1100,1.41,7.53,,,,,,7.9,5,-2.5,-9.6,.1,.2,.9,1.4,1.9,3.6,5.4,9.8,14.1,1.2,1.8,,
112,2019-02-11,-2.6,-6.3,746,1,1537,,,,,,,8.1,270,1754,5.5,340,1248,3.3,2845,-14.3,31,1301,40.3,2,1023,1034,2235,1029.7,418,1031.9,10.7,9.9,1200,2.29,14.41,,,,,,0,0,-1.1,-11.5,.1,.2,.8,1.3,1.8,3.6,5.5,9.9,14.2,1.8,2.6,0,
112,2019-02-12,-.8,-3.3,201,2.2,1533,1.42,,,,,0,8.3,340,2055,6,340,2101,2.6,2217,-10.9,28,1721,46.9,2.7,1025.3,1036.2,922,1032.4,1712,1034.1,10.7,7.8,1200,1.89,11.42,,,,,,7,3.1,-.1,-9.3,0,.2,.8,1.3,1.8,3.5,5.5,9.9,14.2,1.9,2.8,,
112,2019-02-13,-2.4,-4.8,635,1.1,1557,,,,,,,7.7,360,2032,5.6,340,2035,3.8,3247,-16.8,22,1026,32.5,1.7,1024.4,1035.4,1010,1031.8,1455,1033.3,10.7,9.3,1200,2.19,13.89,,,,,,2.6,0,-1.2,-6.7,0,.1,.8,1.2,1.7,3.4,5.4,9.8,14.1,2.3,3.2,,
112,2019-02-14,-1.8,-5.6,658,2.8,1432,,,,,,,7.2,20,33,5.1,20,38,2.8,2437,-14.9,24,1348,36.6,2,1022.3,1033.9,903,1027.6,1750,1031.2,10.8,9.2,1300,2.27,13.72,,,,,,7.3,1.3,-.5,-7,.1,.1,.7,1.2,1.6,3.4,5.4,9.7,14.1,1.7,2.4,1.4,
112,2019-02-15,-1,-2.8,623,1.2,1716,13.58,,,,,2.6,10.9,340,1927,6.6,340,1820,2.7,2341,-3.9,49,150,81.1,4.6,1015.1,1028.3,1,1021,1731,1023.9,10.8,0,1000,1.2,4.88,3.5,925,3.5,925,4.2,8.8,7.3,-.7,-3.7,0,.1,.7,1.2,1.7,3.4,5.4,9.8,14.1,.7,1,1.2,.22
112,2019-02-16,-2.4,-4.5,750,0,1540,5.5,,,,,0,9.1,340,2330,6.1,340,2332,4.1,3581,-8.9,48,2253,61.5,3.1,1015.8,1025.8,2332,1022.5,1,1024.6,10.8,9.6,1200,2.28,14.32,,,.3,1,,2.5,2.5,-.3,-5.4,0,.1,.7,1.1,1.5,3.2,5.2,9.5,13.9,1.5,2.2,,
112,2019-02-17,-1.1,-4.9,351,2.8,1455,,,,,,,7.3,250,1509,5,360,8,2.8,2443,-9.1,32,1204,55.5,3.1,1017.7,1027.8,957,1025.4,1653,1026.5,10.9,10.3,1200,2.44,16.17,,,,,,.3,0,.1,-10,.1,.1,.8,1.2,1.6,3.2,5.3,9.6,13.9,1.9,2.7,,
112,2019-02-18,.6,-3.3,750,4,1314,,,,,,,5.8,340,1629,3.9,340,1641,1.8,1587,-7.2,35,1011,56.5,3.6,1016.8,1027.5,800,1023.3,2346,1025.6,10.9,5.3,1200,1.76,9.59,,,,,,7.5,5,-.2,-9.4,.1,.1,.7,1.2,1.6,3.2,5.2,9.5,13.9,1.2,1.7,2,
112,2019-02-19,1.3,-.1,358,3.7,1554,10.5,,,,,4.5,7,360,2253,4.5,90,559,2.8,2406,-.6,59,35,87.3,5.8,1010.8,1023.4,1,1016.8,1358,1019.5,11,2.4,1400,1.4,5.26,4.2,1030,4.2,1030,4.2,8.8,7.5,-.3,-1.3,.1,.2,.7,1.2,1.6,3.2,5.2,9.5,13.8,.7,1,2.5,3.03
112,2019-02-20,2,.4,2356,4.7,1550,,,,,,,8.4,340,1147,5.6,340,1142,3.2,2768,-2.6,56,1312,71.6,5.1,1016.7,1027.9,2355,1021.4,12,1025.4,11,5.8,1300,1.72,9.49,,,,,,5.6,5.4,1.1,-3.3,.2,.2,.8,1.2,1.5,3.1,5.1,9.4,13.7,1.3,1.8,,
112,2019-02-21,2.1,-1.2,717,6.4,1454,,,,,,,6.6,250,1624,4.6,270,1612,2.1,1812,-4.4,43,1320,63,4.5,1018,1028.5,1048,1025,2356,1026.7,11,10,1200,2.4,15.4,,,,,,.4,0,2.4,-6.1,.7,.4,1,1.3,1.8,3.1,5.1,9.4,13.8,1.8,2.5,,
112,2019-02-22,3.1,-.7,729,8.4,1547,,,,,,,6.3,340,1309,4.2,340,1622,2.2,1865,-2.9,37,1329,66.6,5,1013.5,1025.2,11,1019.5,1536,1022.1,11.1,9.3,1200,2.39,15.47,,,,,,6.3,0,2.5,-7.8,1.4,.9,1.5,1.6,2.1,3.2,5.1,9.4,13.7,1.9,2.7,,
112,2019-02-23,6.3,1,613,13.2,1529,,,,,,,8.5,90,1048,5.4,90,1110,1.7,1485,-3.4,19,1601,54.9,4.9,1014.8,1024.7,906,1020.9,49,1023.3,11.1,8.8,1200,2.47,15.3,,,,,,3.5,0,3.8,-6.7,2.7,2,2.1,2.1,2.5,3.3,5.1,9.4,13.7,2.6,3.8,,
112,2019-02-24,5.2,1.8,715,11,1342,,,,,,,7.2,230,1548,4.6,270,1653,2.1,1807,-1.4,33,1305,65.8,5.6,1014.4,1025.2,835,1020.5,1848,1023,11.2,10.2,1200,2.47,16.37,,,,,,3,2.5,3.9,-6,3.3,2.9,2.9,2.7,3.1,3.4,5.1,9.3,13.6,2.2,3.1,,3.5
112,2019-02-25,3.6,.8,920,8.6,1601,,,,,,,7.3,320,1944,4.8,340,1950,2.6,2228,-2.7,34,1716,67.6,5.2,1013.3,1023.5,1015,1020.2,1559,1022,11.2,8.1,1200,2.31,14.34,,,,,,4.9,2.6,4.6,-1,4.2,3.8,3.7,3.4,3.6,3.7,5.1,9.3,13.6,2.1,3.1,,4.23
112,2019-02-26,4.7,0,614,9.8,1454,,,,,,,6.1,360,29,4.4,360,30,2.2,1910,-6.4,27,1450,46,3.8,1015.6,1026.1,1046,1022.4,1610,1024.2,11.2,9.2,1300,2.48,16.23,,,,,,4.1,2.3,4,-6.5,3.8,3.6,3.7,3.7,3.9,3.9,5.1,9.2,13.5,2.6,3.7,,
112,2019-02-27,6,3.7,2359,11.2,1359,,,,,,,6,250,1505,3.7,250,1620,2,1700,-4.2,20,1347,48.5,4.5,1012.8,1023.9,44,1019,1828,1021.4,11.3,8.3,1300,2.34,13.5,,,,,,8,3.9,5.6,-1.6,4.6,4.4,4.3,4.1,4.2,4.2,5.2,9.2,13.5,2.1,3,,
112,2019-02-28,5.5,2.2,631,10.7,1524,,,,,,,6.8,270,1542,4.8,270,1606,2.1,1806,-1.6,33,1312,62.5,5.5,1010.7,1020.4,940,1017.3,1346,1019.2,11.3,7.6,1300,2.16,13.85,,,,,,3.4,0,4.5,-4.3,4.6,4.4,4.5,4.4,4.5,4.4,5.3,9.1,13.5,2.1,3.1,,
112,2019-03-01,5.5,2,724,10.3,1338,,,,,,,7,230,1646,4.8,250,1446,2.2,1900,-.8,41,1244,64.9,5.8,1013.5,1023.3,923,1020.4,1,1022,11.4,10,1200,2.38,15.62,,,,,,.6,0,5.3,-2.4,4.8,4.6,4.6,4.6,4.7,4.6,5.4,9.1,13.4,2.1,3,,
112,2019-03-02,6.7,1.9,627,11.6,1422,,,,,,,5.8,340,1343,4,340,1300,2,1725,-1.9,33,1514,57.4,5.4,1010.7,1022,122,1016.9,1812,1019.1,11.4,6.6,1200,2.12,12.89,,,,,,7,1.3,5.4,-6.9,4.9,4.7,4.8,4.8,4.9,4.8,5.5,9,13.4,2.1,3.1,,2.45
112,2019-03-03,7.9,3,805,13.5,1508,,,,,,,6.9,340,1731,4.6,340,1250,2.5,2175,-2.7,23,1340,49,5.1,1004.6,1016.9,1,1010.5,1724,1013,11.4,7.7,1300,2.15,14.09,,,,,,5.9,2.3,8.6,-4.5,5.2,5,5.1,5,5,4.9,5.6,9,13.3,2.6,3.7,,
112,2019-03-04,7.8,5.4,633,13.3,1513,,,,,,,8,250,2252,5,250,2252,3,2566,1,36,1431,63.9,6.6,1005.5,1018.4,2250,1010.2,313,1013.9,11.5,8.8,1300,2.35,14.9,,,,,,3.8,1.6,7.8,3.3,6.2,5.9,5.8,5.5,5.4,5.1,5.7,9,13.3,2.2,3.2,,3.32
112,2019-03-05,6.8,5,512,10.7,1228,,,,,,,6.8,250,1549,4.2,250,1403,2.3,1955,4,61,1222,83.1,8.2,1011.6,1021.2,920,1018.2,48,1020.1,11.5,2.5,1200,1.79,8.93,,,,,,9.6,7.5,7.1,2.4,6.5,6.3,6.2,5.9,5.8,5.3,5.8,9,13.3,1.3,1.9,,10.35
112,2019-03-06,7,4.9,1939,10.8,1554,1.25,,,,,0,8.1,320,1743,5.4,340,2227,2.4,2048,1.9,58,1526,70.5,7.1,1007.8,1019.4,1,1013.9,1611,1016.3,11.6,3.2,1400,1.88,9.95,,,,,,6,4.6,9.3,-.1,6.4,6.3,6.3,6.1,6.1,5.6,5.9,8.9,13.2,1.6,2.3,0,.13
112,2019-03-07,6.4,2.8,736,11,1509,,,,,,,9.1,290,1601,6.1,270,1618,4,3461,-2.4,37,2245,54.8,5.2,1011.4,1023.5,2335,1015.6,1,1019.9,11.6,10.7,1200,2.61,17.54,,,,,,.3,.3,6.4,1,6.4,6.1,6.2,6.1,6.1,5.8,6.1,8.9,13.2,2.8,3.9,,
112,2019-03-08,5,1.2,623,10.5,1520,,,,,,,6.9,250,1334,4.8,270,1745,2.3,1945,-3.3,28,1349,57,4.9,1016.5,1026.3,1035,1023.4,1,1025.1,11.6,11.2,1200,2.78,19.29,,,,,,.4,0,6.9,-8.1,6,5.8,6,6,6.2,5.9,6.2,8.9,13.2,2.5,3.6,,
112,2019-03-09,6.3,1.1,659,12.1,1504,,,,,,,4.9,250,1308,3,270,1634,1.6,1366,-4.8,9,1412,53.3,4.6,1013.2,1025.4,55,1019.3,2355,1021.7,11.7,9.6,1300,2.36,15.74,,,,,,6.3,2.1,7,-8.5,5.8,5.7,5.9,5.9,6.1,6,6.3,8.9,13.1,3.2,4.5,,
112,2019-03-10,9,6.1,542,14.4,1709,,,,,,,6.9,20,1200,5.1,20,1205,3.4,2904,-5.4,12,1623,37.8,4.2,1005.2,1019.3,1,1010.3,1747,1013.6,11.7,2.3,1300,1.85,9.71,,,,,,7.3,7.3,9,4.7,6.5,6.2,6.3,6.2,6.2,6.1,6.4,8.9,13.1,2.8,4,,
112,2019-03-11,5.1,3.6,652,6.7,1,2.08,,,,,.1,7.3,250,1347,4.8,340,2047,2.3,1973,2.1,57,22,81.3,7.1,1000.9,1011.3,1,1007.6,1712,1009.3,11.7,1.7,1100,1.44,8.97,,,,,,5.4,2.8,6.5,-2.2,6.1,6.2,6.3,6.3,6.4,6.2,6.5,8.9,13,.9,1.3,.1,
112,2019-03-12,4.3,1.6,2126,7.4,1248,,,,,,,14,320,1943,9.9,340,1958,4.5,3853,-3.4,28,1706,61.8,5.2,1003.1,1016.9,2322,1008.8,625,1011.6,11.8,2.8,1200,1.38,7.12,,,,,,5.4,4.1,3.9,0,5.8,5.9,6.1,6.2,6.3,6.3,6.5,8.9,13,2.3,3.3,,
112,2019-03-13,3.8,1.7,100,6.9,1521,,,,,,,14.3,340,955,9.7,340,955,5.7,4965,-7.5,23,1354,44.6,3.5,1011.7,1024.5,2350,1016.8,21,1020.3,11.8,11.2,1300,2.79,19.37,,,,,,.9,.9,4,-.2,4.8,4.7,5.3,5.6,6,6.3,6.6,8.9,13,3.3,4.7,,
112,2019-03-14,5.3,.1,407,8.8,1250,,,,,,,8.1,180,1917,5.1,200,1912,2.6,2245,-3.2,16,1228,58.3,5.2,1013.8,1024.9,151,1019.6,1720,1022.4,11.9,8.1,1200,2.67,15.42,,,,,,4.5,2.1,5.1,-9.7,5,4.8,5.2,5.4,5.7,6.3,6.6,8.9,12.9,2.1,3,,
112,2019-03-15,5.2,2.5,1939,11,1450,4.08,,,,,1.5,14.4,250,1558,8.3,270,1607,2.6,2283,1.1,28,1438,79.9,6.8,1008.7,1021.5,1,1011.7,1534,1017.2,11.9,3.5,1400,2.17,10.04,,,,,,7.1,5.3,7.9,.4,6.2,6,6,5.9,5.9,6.2,6.7,8.9,12.9,1.5,2.1,1.5,2.78
112,2019-03-16,4.7,1.3,536,8,1421,,,,,,,9.6,250,1328,5.8,250,1333,2.9,2469,.3,51,1441,74.9,6.3,1012,1021.8,950,1018.1,1,1020.6,12,9.1,1300,2.73,18.07,,,,,,5.1,3.4,7.1,-2.8,6.2,6,6.2,6.1,6.2,6.2,6.7,8.9,12.9,1.9,2.7,,
112,2019-03-17,6,3.3,417,11,1525,,,,,,,8.3,250,1729,5,250,1732,2.5,2152,0,30,1326,68.5,6.2,1014.8,1024.8,1046,1020.8,31,1023.3,12,10.2,1200,2.91,20.11,,,,,,1.4,1.4,8.4,.1,6.9,6.5,6.6,6.4,6.4,6.3,6.7,8.9,12.8,2.7,3.9,,
112,2019-03-18,6.5,2.3,654,10.4,1449,,,,,,,7.2,230,1306,4.4,230,1312,2.2,1920,-3.3,24,1402,53.6,4.9,1011.4,1024.1,1,1016.7,2354,1019.9,12,8,1100,2.29,15.43,,,,,,6.6,0,7,-3.4,6.7,6.6,6.8,6.7,6.7,6.4,6.8,9,12.8,2.5,3.6,,
112,2019-03-19,8.2,4.4,508,12.5,1428,,,,,,,7.4,250,1755,4.1,180,935,2.2,1866,2,23,1004,68.1,7.4,1008.4,1018.2,2239,1015.2,1716,1016.8,12.1,4.2,1400,1.49,10.53,,,,,,2.6,2.1,7.7,-3.4,6.7,6.6,6.7,6.7,6.8,6.6,6.9,9,12.8,1.6,2.3,,
112,2019-03-20,10.1,6.5,801,13.5,1237,10.42,,,,,16.4,9,250,1349,5,230,1358,2.8,2377,7.4,50,1253,85,10.3,1001.2,1018.1,123,999.6,2354,1009.5,12.1,0,1000,.62,3.69,,,,,,9.3,4.3,7.9,-.4,7.1,7,7,6.9,6.9,6.7,6.9,9,12.7,.8,1.1,21.1,5.4
112,2019-03-21,6.6,2.3,2346,10.4,139,5.42,,,,,4.7,14.9,340,1018,9.6,340,1546,5.1,4409,3.2,60,1539,80,8,1000.8,1017.1,2400,999,25,1009.2,12.2,6.9,1300,2.62,14.51,,,,,,7.1,5.9,7.9,1.1,8.1,7.9,7.7,7.4,7.1,6.8,7,9,12.7,2.3,3.3,,8.57
112,2019-03-22,3.4,0,707,7.3,1548,,,,,,,11.6,340,1734,7.8,340,1734,5.5,4725,-8,25,1529,44.1,3.4,1011.7,1022.6,2251,1017.1,1,1020.3,12.2,11,1200,3.03,21.86,,,,,,1,0,4.7,-1.2,6.3,6.4,6.9,7.1,7.3,6.9,7.1,9,12.7,3.4,4.8,,
112,2019-03-23,3.8,1.3,446,7.4,1546,1.25,,,,,2.6,15.6,340,1145,10.4,340,1151,4.7,4046,-5.1,27,1712,54.8,4.4,1012.6,1023.2,2320,1018.6,1525,1021.2,12.2,8.8,1400,2.47,14.31,,,,,,2.6,2.4,4.4,-4.5,5.4,5.6,6.2,6.6,6.9,7,7.1,9,12.6,2.7,3.8,2.6,
112,2019-03-24,4.8,1.7,640,7.9,1242,,,,,,,9.7,290,1517,6.5,270,1526,3.4,2939,-3,39,1603,57.5,4.9,1012.7,1023.2,21,1019.1,1724,1021.3,12.3,11.8,1200,3.08,21.54,,,,,,1.1,.6,6.2,-.6,5.5,5.6,5.9,6.1,6.4,6.9,7.2,9,12.6,2.9,4.1,,
112,2019-03-25,7.4,3.4,246,11.3,1431,,,,,,,10.6,230,1337,6.5,230,1353,4.3,3726,1.2,50,1704,66,6.7,1008.3,1020,1,1015.3,1613,1016.8,12.3,8.7,1100,2.42,17.2,,,,,,6.4,2.9,7.5,1.2,6.4,6.4,6.5,6.5,6.5,6.8,7.2,9,12.6,2.5,3.5,,
112,2019-03-26,9.4,7,701,13.9,1451,,,,,,,7,180,56,4.8,250,1529,2.7,2349,4.3,40,1518,72.8,8.3,1009,1019.5,1102,1015.5,414,1017.4,12.4,10,1200,2.96,20.34,,,,,,3,2.3,11.2,1.1,8.3,7.9,7.7,7.2,6.9,6.8,7.2,9,12.5,3,4.3,,.2
112,2019-03-27,9.5,6,2400,13.5,1134,,,,,,,13.8,270,1451,8.1,230,1454,4.4,3838,6.1,58,1127,80.8,9.4,1004.1,1016.9,1,1009.3,1640,1012.5,12.4,4.3,1100,2.11,12.56,,,,,,8.4,4.1,9.6,4.5,8.6,8.5,8.4,8,7.7,7,7.3,9,12.5,1.9,2.7,,1.68
112,2019-03-28,7.8,4.6,621,12.4,1409,,,,,,,8.6,340,2234,6.2,340,2243,3.2,2786,0,25,1331,61.6,6.3,1005.7,1015.6,2218,1012.3,1600,1014.1,12.4,9.7,1200,2.7,18.67,,,,,,6.6,4,10.2,1.3,8.8,8.6,8.6,8.2,8,7.2,7.3,9,12.5,3.7,5.3,,5.42
112,2019-03-29,7.9,5.6,713,11.4,1522,.08,,,,,0,9.5,50,608,6.2,340,2345,3.5,3042,-4.3,27,415,43,4.6,1005.8,1015.2,1013,1013,1701,1014.3,12.5,10.9,1200,3,21.39,,,,,,5,4.5,10,4.5,8.7,8.6,8.7,8.4,8.2,7.5,7.4,9.1,12.4,3.2,4.6,2.7,
112,2019-03-30,5,3.5,1824,7.8,1356,8.42,,,,,3.1,17.3,290,1626,10.9,270,1601,4.9,4256,1.3,44,1407,78.5,6.8,1004.4,1015.1,34,1010.6,1506,1012.9,12.5,4.7,1400,2.14,10.32,,,,,,9,8.1,6.8,1.4,8,8.2,8.5,8.5,8.4,7.7,7.5,9.1,12.4,1.8,2.6,.4,.67
112,2019-03-31,4.8,3,602,7.9,1500,,,,,,,13.3,320,1548,8.8,290,1737,5.9,5097,-4.9,20,1606,51.6,4.3,1011,1022.9,2343,1014.5,1,1019.6,12.6,6.4,1500,2.29,13.46,,,,,,5.1,5.1,5.5,2.3,6.7,7,7.5,7.8,8,7.8,7.6,9.1,12.4,3,4.3,,
112,2019-04-01,6,3.4,629,9.9,1328,,,,,,,10.1,250,1438,6.3,270,1423,4.2,3666,-4.9,17,1253,47.5,4.3,1014,1024.5,946,1021,1906,1022.6,12.6,12,1200,3.16,22.28,,,,,,2.8,1.4,7,1.5,6.7,6.7,7.1,7.3,7.5,7.8,7.7,9.1,12.4,3.7,5.2,,
112,2019-04-02,6.7,3.3,625,11.2,1429,,,,,,,12.1,340,2121,7.9,270,1640,3.7,3185,-3.1,23,1220,51.9,4.9,1014.4,1024.3,938,1021.1,1553,1022.9,12.6,11.9,1200,3.06,23.04,,,,,,.1,.1,8.5,-2,7.4,7.2,7.5,7.5,7.6,7.7,7.7,9.1,12.3,3.8,5.5,,
112,2019-04-03,7.3,3.9,629,11.8,1422,,,,,,,9.7,270,1614,6.7,270,1705,3,2606,-.5,19,1427,60.3,6,1014.9,1025.2,1017,1021.6,1750,1023.4,12.7,11.9,1200,3.2,23.4,,,,,,.4,.4,9.7,-3.8,8,7.8,7.9,7.8,7.8,7.7,7.8,9.1,12.3,3.6,5.1,,
112,2019-04-04,8,4.1,542,11.9,1203,,,,,,,11.7,250,1425,6.4,250,1241,4.2,3624,1.8,44,1226,66.6,7,1009.1,1023.1,15,1012.9,2309,1017.5,12.7,11.7,1200,3.1,22.8,,,,,,.3,0,9.9,1.3,8.4,8.3,8.3,8.2,8.2,7.8,7.8,9.2,12.3,3.3,4.7,,
112,2019-04-05,10.5,6.9,215,14.8,1321,,,,,,,10.9,290,1622,6.9,270,1609,4.2,3643,1.2,21,1600,56.9,6.9,1001.7,1013.4,1,1008.1,1541,1009.9,12.8,10.3,1200,3.03,21.81,,,,,,3.5,2.6,11.8,5.1,9.5,9.2,9.1,8.7,8.4,7.9,7.9,9.2,12.3,4.3,6.1,,
112,2019-04-06,9.4,6.5,517,10.9,1855,2,0,,0,,0,10.5,50,2010,7.2,50,2023,2.7,2369,.4,36,1617,53.9,6.3,1003.5,1014.1,1008,1009.6,1716,1011.9,12.8,.3,900,.83,3.9,,,,,,8.9,7.6,8.1,.4,8.5,8.7,8.9,8.9,8.9,8.1,7.9,9.2,12.3,1.7,2.5,0,
112,2019-04-07,11.7,5.8,637,17.8,1435,,,,,,,7.6,340,1450,5,340,1412,3.1,2720,-.1,13,1426,50,6.3,1002.4,1012.9,817,1008.1,1722,1010.7,12.8,11.6,1200,3.04,21.34,,,,,,5,1.4,12.8,3.6,9.6,9.1,9,8.7,8.6,8.2,8,9.2,12.2,4.8,6.8,,
112,2019-04-08,10.7,7.8,604,15.4,1345,,,,,,,10.3,250,1701,6.4,270,1822,3.5,3036,-4.6,17,1316,35.5,4.5,1007,1018.9,2355,1011.6,1,1015.3,12.9,10.8,1200,3.15,22.52,,,,,,3.8,.4,11.9,3.9,10.2,9.8,9.7,9.4,9.2,8.3,8.1,9.2,12.2,4.8,6.8,,
112,2019-04-09,9.8,5.1,2329,14.1,1348,7.83,.7,1737,3,1806,14.9,12.5,110,1930,8.4,90,1933,4.5,3854,-2.5,17,1137,51.6,5.6,1007,1019,24,1011.2,2351,1015.4,12.9,0,1300,.67,4.8,,,,,,9.6,6.1,8.7,4.1,9.4,9.3,9.6,9.6,9.5,8.6,8.2,9.3,12.2,2.3,3.3,18.1,
112,2019-04-10,7.1,5.2,1,10,1740,12,.3,211,1.1,202,3.8,10.1,90,4,6.5,70,5,3.9,3372,4.7,62,1725,86.1,8.6,1004.4,1015.9,2230,1010.4,316,1012.8,13,1.4,1700,.96,7.01,,,,,,7.8,5.3,8,2.8,8.5,8.4,8.7,8.9,9.1,8.7,8.3,9.3,12.2,1.1,1.6,.6,
112,2019-04-11,9,5.6,504,13.4,1249,,,,,,,8,270,1442,5.6,270,1614,2.5,2171,4.1,49,1442,73.9,8.3,1006.9,1016.7,1024,1014,1731,1015.3,13,9.4,1200,3.1,21.42,,,,,,5.4,1,10.8,-1.2,9.2,9,9,8.8,8.8,8.7,8.4,9.3,12.2,3,4.3,,
112,2019-04-12,9.9,6.2,539,14.8,1604,,,,,,,8.4,250,1500,5.3,270,1533,2.5,2183,3.9,33,1619,69.9,8.1,1009.9,1020.5,2339,1016,204,1018.3,13,11,1200,3.22,23.71,,,,,,1.6,0,12.2,1.8,10.3,10.1,9.9,9.5,9.2,8.7,8.5,9.3,12.1,3.7,5.3,,
112,2019-04-13,11.1,6.7,337,16.2,1457,,,,,,,6.4,250,1430,3.6,270,1411,2.2,1896,-3,14,1438,42.5,5.2,1011.3,1021.8,1008,1018,2345,1019.6,13.1,10.3,1200,3.1,22.85,,,,,,6.6,1.8,12.2,1.3,10.7,10.6,10.4,10.1,9.7,8.8,8.5,9.3,12.1,4.5,6.5,1,
112,2019-04-14,9.6,7.5,1044,12.5,1517,6.92,.4,556,1,859,2.4,14.6,360,1831,10.4,320,1751,3.7,3184,.5,27,2026,57.3,6.7,1006.9,1018.1,21,1012.4,1537,1015.3,13.1,6.4,1400,2.69,13.87,,,,,,5.1,3.5,9.5,5.3,10.4,10.4,10.5,10.3,10.1,9.1,8.7,9.4,12.2,2.9,4.1,1.4,
112,2019-04-15,11.1,7,628,14.8,1703,,,,,,,8.6,250,1354,4.8,250,1216,2.9,2521,0,20,1326,48.4,6.2,1010.4,1019.9,1024,1017.3,26,1018.8,13.1,11.9,1200,3.16,23.92,,,,,,0,0,11.9,4.3,10.2,10.1,10.2,10,9.9,9.2,8.7,9.4,12.1,4.5,6.4,,
112,2019-04-16,14,8.1,613,20,1534,,,,,,,5,200,26,3.6,200,132,2.2,1901,-3.9,11,1350,32.4,4.8,1008.8,1019.8,54,1015,1607,1017.1,13.2,10.9,1200,3.04,22.56,,,,,,4.9,0,14,2,11.3,11,10.9,10.4,10.1,9.3,8.8,9.4,12,5,7.1,,
112,2019-04-17,14.2,10.2,613,19,1250,,,,,,,8.5,290,1445,5.4,270,1627,2.3,1996,4.9,20,1101,55.9,8.9,1004.5,1015.8,1,1010.5,2030,1012.7,13.2,12.2,1200,3.23,24.4,,,,,,3.5,0,15.9,1.3,12.2,11.9,11.6,11.1,10.6,9.4,8.9,9.4,12,4.2,6,,
112,2019-04-18,11.5,9.7,2253,14.8,1310,.25,0,,0,,0,11,250,1428,6.5,230,1338,3.1,2660,9.6,62,1322,88.5,11.9,1003.7,1014.4,2332,1009.9,440,1012,13.3,.3,1300,1.14,5.26,,,,,,7.9,5.6,11.2,3.4,11.7,11.8,11.8,11.5,11.2,9.7,9,9.4,12,.9,1.3,0,2.63
112,2019-04-19,13.6,9.9,545,18.8,1612,,,,,,,8.2,90,1126,5.2,90,1042,2.7,2300,6.6,39,1554,66.1,9.8,1007.8,1017.8,1122,1014.3,1,1016,13.3,5.8,1300,2.8,15.62,,,,,,5.6,3.9,15.5,6.4,11.9,11.6,11.5,11.2,10.9,9.9,9.1,9.5,12,3.2,4.6,,3.72
112,2019-04-20,13.4,11.4,446,17.7,1424,4.92,.2,,.5,2035,1.1,7.7,250,1340,4.2,250,1344,2.4,2106,9.4,61,3,78.3,11.9,1006.8,1016.9,1,1013.6,1529,1015.1,13.3,3.9,1400,2.51,14.92,,,,,,7.9,7.3,16.1,6.4,12.7,12.4,12.1,11.6,11.2,10,9.3,9.5,12,2.1,3,1.8,3.42
112,2019-04-21,12.5,10.7,2355,15.9,1511,5.75,.1,,.3,-2333,.7,6.9,250,1528,3.8,230,1530,2,1714,11.2,72,1512,92.6,13.3,1005.4,1015.3,2326,1012.3,1511,1013.7,13.4,4.3,1400,1.94,10.74,,,,,,8.3,5.4,14.5,6.4,13.3,13,12.7,12.2,11.6,10.2,9.4,9.6,12,1.7,2.4,,7.48
112,2019-04-22,16.1,10.1,409,25.3,1519,,,,,,,5.9,250,2048,4.6,270,2109,1.8,1553,10.1,31,1526,70.6,12.4,1006.7,1016.6,930,1012.7,1543,1014.9,13.4,10.8,1200,3.04,22.85,,,,,,2.8,0,20.1,2.9,13.9,13.5,13,12.4,11.8,10.4,9.5,9.5,11.9,4.1,5.9,,
112,2019-04-23,17.3,13.6,448,22.5,1150,.83,0,,0,,0,7.6,200,1730,5,230,1731,2,1706,10.9,48,1152,67,13.1,1004.2,1015.8,10,1010,1547,1012.2,13.4,3.3,1100,1.98,11.79,,,,,,8.6,4.6,18.3,8.6,14.8,14.5,14.1,13.3,12.5,10.6,9.6,9.5,11.9,2.3,3.3,5.9,
112,2019-04-24,16.7,13,2212,21.8,1440,6.92,.6,132,2.6,122,5.9,7.4,270,1503,4.7,270,1612,2.4,2073,13.3,56,1640,82.1,15.3,998.5,1010.7,26,1004.5,1800,1006.5,13.5,8.6,1200,3.09,21.27,,,,,,4.1,2.1,20.4,10.6,15.9,15.3,14.7,13.8,12.9,11,9.7,9.6,11.9,3.4,4.9,,2.78
112,2019-04-25,12.7,8.1,2336,16.8,1014,11.83,.9,1548,3,1538,9.6,9,140,953,5.7,110,1005,2.7,2341,10.5,56,1024,87.5,12.7,998.5,1008.2,2358,1005.4,317,1006.7,13.5,0,900,.6,2.85,,,,,,9.4,8.9,13.7,7.9,14.7,14.7,14.7,14.3,13.6,11.3,10,9.7,11.9,.7,1.1,12,3.37
112,2019-04-26,8.5,7.6,413,9.7,1814,15.08,.3,641,.7,559,2.7,10.2,70,1643,6.1,50,1651,3.5,2997,5.8,62,2350,84.1,9.3,1004.9,1019.4,2311,1007.5,156,1013.3,13.6,0,1200,.34,2.89,,,,,,8.4,7.4,8.7,5.8,12.2,12.5,12.9,13.1,13.1,11.7,10.2,9.7,11.9,1.2,1.7,.3,1.75
112,2019-04-27,11,6.1,520,16.1,1435,,,,,,,7.1,70,144,4.9,50,151,2.5,2151,3.1,42,1428,59.5,7.6,1013.1,1024,1022,1019.3,1,1021.4,13.6,9.8,1200,3.28,23.41,,,,,,4.3,1.1,13.2,1.7,11.9,11.8,12,12.1,12.1,11.6,10.4,9.7,11.9,3.4,4.8,0,
112,2019-04-28,12.6,10.5,2349,16.3,1412,1.33,0,,0,,0,6.5,230,1432,4.2,250,1716,2.3,2001,5,37,1551,61.6,8.8,1012.3,1023.2,953,1018.5,1927,1020.6,13.6,8.2,1100,3.21,21.76,,,,,,7.3,2.1,17,8.5,13.5,13.2,13.1,12.7,12.2,11.5,10.5,9.8,11.9,3.9,5.6,,
112,2019-04-29,13.5,9.9,315,16.8,1722,,,,,,,6.5,340,1435,4.7,340,1524,1.7,1481,4.2,41,1713,54.4,8.3,1005.8,1019.6,14,1010.5,1821,1014.1,13.7,3.3,800,1.24,9.33,,,,,,6.6,2.5,12.8,5.9,13,13,13.1,13,12.6,11.5,10.5,9.8,11.9,2,2.9,,
112,2019-04-30,14.4,10.8,609,19.8,1430,,,,,,,7.1,270,1451,4.8,270,1458,2.3,1944,6.6,38,1105,61.5,9.8,1000.8,1011.2,151,1006.9,1700,1009,13.7,10.8,1100,2.97,22.75,,,,,,5.5,.3,16.8,5.6,13.6,13.2,13.1,12.8,12.4,11.6,10.6,9.9,11.8,3.9,5.6,,
112,2019-05-01,14.2,10.7,548,18.5,1849,,,,,,,9,250,1458,5.5,340,1855,3,2609,7,32,2120,65,10.3,998.8,1008.6,950,1004.2,1738,1006.9,13.7,10.8,1200,3.26,24.9,,,,,,1.3,1.3,19.6,8.3,14.8,14.3,14,13.5,12.8,11.6,10.7,9.9,11.8,4.8,6.9,,
112,2019-05-02,16,12.6,2340,22,1249,,,,,,,9,270,1601,6.3,360,947,3.4,2975,1.5,18,1241,39,6.9,1003.9,1014.6,2355,1007.9,1,1012,13.8,12.8,1200,3.4,27.33,,,,,,0,0,18.3,9.5,15.3,14.7,14.5,13.9,13.3,11.8,10.7,10,11.8,6.1,8.7,,
112,2019-05-03,15.4,10.8,530,21.5,1542,,,,,,,6.9,230,1623,4.3,250,1630,2.3,1954,5.5,33,1032,53.9,9.2,1008.5,1018.2,2350,1014.6,1,1016.6,13.8,12.4,1200,3.24,25.67,,,,,,.3,0,19.2,4.7,15.5,14.9,14.7,14.2,13.7,12,10.8,10,11.8,4.6,6.5,,
112,2019-05-04,16.3,11.7,452,21.8,1250,,,,,,,6.6,230,1408,4.4,250,1404,2.2,1865,8.2,35,1619,61,10.9,1009.9,1019.8,753,1016.5,1715,1018,13.8,9.7,1200,2.96,22.25,,,,,,5.4,0,21.1,8,16,15.4,15.2,14.6,14,12.2,11,10.1,11.8,4,5.8,,
112,2019-05-05,16.7,12.7,502,22.7,1411,,,,,,,10.1,340,2232,6.9,340,2237,2.8,2395,7,25,1415,55.4,10.1,1008.1,1018,733,1013.6,1905,1016.2,13.9,11.2,1200,3.37,25.97,,,,,,5.4,.8,20.6,8.3,16.6,15.9,15.7,15,14.4,12.5,11.1,10.1,11.8,6.2,8.9,,
112,2019-05-06,13.6,10.1,544,18.2,1525,,,,,,,13.5,20,1059,8.6,20,637,5.7,4930,-3.4,11,1056,32.5,4.9,1008.7,1018.7,833,1014.9,1746,1017,13.9,13.2,1200,3.51,28.82,,,,,,.3,0,17.7,6.9,16.2,15.4,15.6,15.2,14.8,12.8,11.3,10.2,11.8,7,10,,
112,2019-05-07,13.4,9.8,523,18.2,1317,,,,,,,9.1,230,1807,5.1,250,1831,3,2597,4.8,34,1253,57.5,8.7,1007.9,1018.5,1105,1014,1800,1016.2,13.9,13,1200,3.44,27.61,,,,,,0,0,20.6,2.3,15.8,15.2,15.3,15,14.7,13,11.4,10.3,11.8,4.8,6.9,,
112,2019-05-08,13.8,10.8,357,17.2,1228,,,,,,,9.2,250,1407,5.6,250,1257,3.5,3035,7.5,50,840,67,10.4,1004.3,1015.6,1,1010.2,1649,1012.4,14,11.5,1200,3,23.43,,,,,,6.6,0,19,8.1,15.8,15.4,15.4,15.1,14.8,13.1,11.6,10.3,11.7,3.5,5,,
112,2019-05-09,14.1,11.7,2355,17.9,1325,,,,,,,7.6,250,1512,4.9,230,1538,2.9,2521,7.1,39,1257,65.1,10.2,1003,1012.8,2344,1009.9,1608,1011.2,14,11.6,1300,3.3,26.18,,,,,,3.9,0,19.7,8.1,16.4,15.9,15.7,15.3,14.8,13.3,11.8,10.4,11.8,4.4,6.2,,
112,2019-05-10,15.2,10.4,543,21,1405,,,,,,,7,290,1459,5,270,1452,2.1,1814,7.8,38,1548,64.9,10.7,1005.3,1014.4,2350,1012.2,1548,1013.5,14,11.1,1200,3.26,25.01,,,,,,4,0,21.4,4.4,16.7,16.2,16.1,15.6,15,13.4,11.9,10.4,11.7,4,5.7,,
112,2019-05-11,16.6,12,531,22.8,1629,,,,,,,7.5,250,1343,4.5,250,1233,2.1,1850,8.7,27,1648,62.4,11.3,1005.9,1015.3,750,1012.2,1820,1014,14.1,12.6,1200,3.26,25.63,,,,,,3,0,21.1,8.2,17.5,16.9,16.6,16,15.3,13.5,12,10.5,11.7,4.7,6.7,,
112,2019-05-12,18.5,12.8,324,23.9,1711,,,,,,,6.3,250,1056,4.3,250,1057,1.7,1511,5.9,26,1712,46.9,9.5,1006.9,1016.1,1042,1013.4,1735,1015,14.1,11.5,1200,2.81,22.04,,,,,,4.3,.3,24.6,8.9,17.7,17.2,17,16.4,15.7,13.7,12.1,10.5,11.7,4.9,6.9,,
112,2019-05-13,16.9,14.7,2357,21.3,1124,1,0,,0,,0,7.5,320,1802,4.7,290,1751,2,1728,6.7,29,829,52.4,9.9,1006.5,1015.6,250,1012.5,1525,1014.6,14.1,.7,1200,1.04,7.97,,,,,,7.8,2.8,18.1,9.2,17.1,16.8,16.9,16.6,16,14,12.3,10.6,11.7,2.2,3.2,0,
112,2019-05-14,18.1,13.3,546,23.8,1545,,,,,,,6.7,290,1130,4.1,270,1134,1.9,1681,9.7,29,1455,61.1,12.1,1005.1,1014.4,801,1011.7,1539,1013.2,14.1,12.9,1200,3.34,26.5,,,,,,2.4,.1,23.6,7.3,17.6,16.9,16.8,16.2,15.7,14.2,12.4,10.7,11.7,4.5,6.5,,
112,2019-05-15,18.6,14.4,236,24.1,1548,,,,,,,6.2,270,1749,4.4,270,1410,1.8,1578,12.1,37,1110,68,14.1,1005,1014.4,1028,1011.5,1621,1013.1,14.2,8.7,1200,3.24,22.9,,,,,,5.5,1.1,24,8.1,18.7,18.1,17.8,17,16.1,14.2,12.6,10.7,11.7,4.3,6.1,,
112,2019-05-16,21,15.2,250,26.7,1345,,,,,,,5.5,290,1345,4.2,270,1436,2.1,1830,12.9,34,1339,63,14.9,1004,1013.3,2356,1010.3,1755,1012,14.2,12.3,1200,3.29,25.83,,,,,,3.1,0,26.6,11.1,19.9,19.2,18.6,17.6,16.6,14.4,12.7,10.8,11.7,4.9,7,,
112,2019-05-17,21.5,17.4,303,25.7,1128,,,,,,,5,340,1446,3.4,250,3,1.6,1344,12.7,41,1004,58.5,14.7,1004.1,1014.1,645,1010.3,2114,1012.1,14.2,3.5,1000,1.98,13.23,,,,,,8.1,1.5,23.1,12,19.9,19.4,19.1,18.3,17.3,14.7,12.8,10.9,11.7,3.1,4.4,,
112,2019-05-18,21,16.6,358,25.4,1555,3.42,0,,0,,0,12.6,140,1332,7.1,140,1324,3.8,3291,12.8,42,1555,60.9,14.8,1003.4,1012.4,406,1009.9,1726,1011.4,14.3,4.5,1300,2.45,17.6,,,,,,8.8,4.6,23.2,13.7,20,19.5,19.1,18.4,17.5,15.1,13,11,11.7,4.3,6.1,3.4,
112,2019-05-19,19.2,17.7,452,21.1,16,22.5,1.2,1747,3.5,1703,14.4,8.4,160,944,4.9,180,2118,3.3,2881,18.6,59,15,96.9,21.5,1000.3,1012.1,29,1004.6,2343,1008.3,14.3,0,1400,.79,5.23,,,,,,10,6.5,20.2,16.5,19.6,19.4,19.2,18.7,17.9,15.5,13.3,11.2,11.9,1.2,1.7,19.3,
112,2019-05-20,15.1,12.8,2354,19.5,1,4.5,3.3,58,5.8,28,8.3,15.8,320,1421,8.9,290,1427,5.1,4394,8.8,42,1550,68.5,11.6,997.3,1007.7,2243,1003.5,317,1005.4,14.3,11.1,1200,3.57,26.45,,,,,,3.6,1.9,18.6,10.6,18.7,18.6,18.6,18.2,17.6,15.6,13.4,11.1,11.8,4.7,6.8,,.85
112,2019-05-21,15.8,12.5,53,21,1349,,,,,,,10.6,270,1442,6.5,270,1329,3.8,3304,9.9,39,1313,69.4,12.2,997.4,1007.7,1,1003.6,1727,1005.5,14.3,13.4,1200,3.49,28.98,,,,,,0,0,19.2,10.3,18,17.8,17.8,17.6,17.2,15.7,13.6,11.2,11.8,4.9,7,,
112,2019-05-22,17.6,12.8,343,22.3,1403,,,,,,,10,270,1638,5.9,200,1027,3.5,2983,10.4,41,1326,64.1,12.6,997.3,1006.2,8,1004.1,1602,1005.3,14.4,12.6,1200,3.44,27.92,,,,,,1.1,0,21.3,8.7,18.6,18.3,18.1,17.7,17.2,15.6,13.7,11.3,11.7,5.2,7.4,,
112,2019-05-23,19.5,15.2,536,25.4,1602,,,,,,,6.8,250,1124,4.3,250,1131,2.5,2146,11.9,27,1659,62.9,14,1000.5,1010,2349,1006,1,1008.5,14.4,13.1,1200,3.45,28.27,,,,,,0,0,25.1,11.5,19.8,19.2,18.9,18.2,17.4,15.7,13.8,11.3,11.7,5.5,7.8,,
112,2019-05-24,22.2,17.2,116,28.3,1507,,,,,,,7,250,1313,4.4,270,1320,2.3,1977,13.4,39,1039,59,15.4,1002.7,1012.2,2225,1009.1,1545,1010.6,14.4,12.4,1200,3.24,26.25,,,,,,1,0,25.4,11,20.8,20.2,19.7,18.9,17.9,15.8,13.9,11.4,11.7,5.4,7.7,,
112,2019-05-25,21.7,17.7,346,25,1326,,,,,,,7.8,250,1144,4.5,230,1138,2.6,2204,13.6,29,1044,62.4,15.7,1006.9,1016,1248,1012.1,25,1014.8,14.4,5.8,1300,2.39,18.83,,,,,,7.3,0,24.8,14.5,21,20.6,20.2,19.5,18.6,16.1,14.1,11.5,11.8,4.2,6.1,,
112,2019-05-26,23.2,19.3,528,27.4,1229,,,,,,,7.6,290,1323,4.7,180,2358,2.3,2014,11.2,26,1614,48.6,13.4,1005.6,1016.2,139,1010.5,2359,1013.5,14.5,11.1,1200,3.2,25.78,,,,,,6.3,3,28.1,13.9,21.6,21,20.5,19.7,18.7,16.4,14.2,11.6,11.8,5.5,7.8,5.8,
112,2019-05-27,17.4,15,2344,22.4,51,11.25,1.1,551,2.8,523,10.5,11.8,340,2252,6.9,160,542,4.8,4137,14.7,49,42,86,17.1,996.2,1010.5,1,999.9,1217,1004.3,14.5,.8,1300,.42,3.62,,,,,,8.4,6.8,17.5,12.1,20.2,20.2,20.2,19.9,19.3,16.7,14.5,11.8,11.9,1.7,2.4,4.7,1.33
112,2019-05-28,17.2,13.9,450,20.6,1136,,,,,,,9.8,360,17,6.1,360,38,3.5,3051,9.2,40,1129,60.9,11.7,1003,1012.9,822,1008.4,10,1011,14.5,12.3,1200,3.57,27.99,,,,,,2.5,0,22,10.8,18.9,18.7,18.7,18.6,18.4,16.9,14.6,11.8,11.8,5.1,7.3,,
112,2019-05-29,18.4,14.2,513,22.4,1515,,,,,,,8.4,270,1757,5,270,1805,3,2571,10.8,42,1837,63.4,13,1001.9,1010.8,49,1008.5,1508,1009.9,14.5,13.4,1200,3.46,28.87,,,,,,.5,0,23.7,9.7,19.9,19.4,19.2,18.8,18.2,16.8,14.7,11.8,11.8,5.4,7.7,,
112,2019-05-30,18.4,15.6,519,22.4,1109,2.25,0,,0,,0,12.7,290,2127,7.6,270,2126,3.9,3395,10.2,41,1112,59.8,12.5,1002.6,1012.1,2221,1009.1,1422,1010.6,14.5,6,1000,2.72,17.06,,,,,,8.4,2.6,21.8,11.8,19.6,19.3,19.3,19,18.5,16.7,14.8,11.9,11.8,4,5.7,0,
112,2019-05-31,17.7,15.5,2242,21.2,1325,,,,,,,9.7,270,1616,6.5,270,1625,3.4,2934,10.4,43,1335,64,12.7,1002.4,1011.8,2224,1008.9,1722,1010.5,14.6,12.6,1200,3.51,28.95,,,,,,1.6,1.6,25,12.3,20.1,19.5,19.3,18.8,18.3,16.8,14.9,11.9,11.8,4.8,6.9,,
112,2019-06-01,17,14.8,421,19.9,1619,,,,,,,7.4,250,1447,4.4,250,1434,2.2,1873,12,54,1528,73.5,14.1,1002.2,1011.5,29,1009.5,1540,1010.3,14.6,6.1,1300,2.32,17.79,,,,,,6.8,3.5,22.4,10.8,19.9,19.6,19.5,19.1,18.5,16.8,14.9,12,11.8,3.3,4.7,,
112,2019-06-02,19.5,14.8,533,24.4,1453,,,,,,,6.3,290,1423,4,250,1045,2.1,1786,10.4,27,1642,57.8,12.6,999.7,1009.7,7,1006,1630,1007.7,14.6,13.2,1200,3.23,27.15,,,,,,.5,0,26.1,9,20.4,19.9,19.6,19.1,18.4,16.9,15,12,11.7,5.1,7.3,,
112,2019-06-03,21.2,16.5,522,27.1,1611,,,,,,,9.2,340,1225,5.7,340,1155,2.3,1973,12.7,34,1813,60,14.8,1000,1010.5,1136,1004.8,1624,1007.9,14.6,11.9,1200,3.27,26.23,,,,,,1.5,.5,26.9,11.9,21.5,20.9,20.5,19.7,18.8,16.9,15.1,12.1,11.8,5.4,7.7,,
112,2019-06-04,20.6,17.9,328,24.7,1031,,,,,,,7.6,250,1134,4.8,270,1430,2.9,2464,13.9,46,845,67.3,16.1,1001.4,1011,2243,1008.1,1718,1009.4,14.6,11.6,1200,3.25,26.04,,,,,,4.4,2.5,26.7,12.8,22.2,21.6,21.2,20.3,19.3,17.1,15.2,12.2,11.8,4.3,6.1,,
112,2019-06-05,19.5,17.3,2359,23.2,1328,,,,,,,8.6,250,1446,4.9,250,1436,2.2,1928,16.8,66,1220,85,19.1,1004.1,1013.4,1146,1009.5,414,1012.1,14.6,8.3,1200,3.26,23.38,,,,,,6.9,4.5,26.2,15.4,22.9,22.3,21.8,20.9,19.8,17.4,15.3,12.3,11.8,3.8,5.5,,
112,2019-06-06,19.5,17.3,1,21.8,1856,9.42,1,2003,2.6,1945,5.9,10.1,50,1826,6,50,1743,2.5,2128,18.1,64,1900,92.5,20.8,1001.6,1013,39,1003.8,2356,1009.6,14.7,0,800,.66,5.02,,,,,,9.6,3.9,20.8,15.7,21.5,21.4,21.4,21,20.2,17.7,15.6,12.5,11.8,1,1.4,32.4,
112,2019-06-07,19.9,16.9,605,24.1,1707,12.5,2.6,304,10.6,240,26.8,12.2,70,534,7.1,70,520,4.5,3898,15.9,53,1734,80.1,18.1,995.5,1007.9,2306,1000,530,1003.5,14.7,4.3,1600,2.04,14.16,,,,,,7,5,20.2,15.8,20.4,20.2,20.2,20,19.8,18,15.8,12.6,12,3.6,5.1,.3,
112,2019-06-08,21.1,17,535,24.8,1502,,,,,,,6.3,340,1531,4.1,250,2331,2.2,1875,14.1,48,917,66,16.2,1000,1009.2,803,1006.6,2224,1007.9,14.7,9.7,1100,2.44,20.81,,,,,,6.1,.8,23.5,12.9,20.7,20.6,20.4,20,19.5,17.9,15.9,12.7,11.9,3.5,5,0,
112,2019-06-09,20.1,18.2,138,23.5,1357,2.17,0,,0,,0,7.4,340,1809,4.9,340,1757,2.3,1947,16,59,1352,78.1,18.2,997.6,1007.6,28,1003.2,1717,1005.6,14.7,4.4,1100,2.64,15.89,,,,,,8.6,5.5,21.4,15.5,21.1,21,20.8,20.3,19.6,17.9,16.1,12.8,12,2.7,3.9,3.4,
112,2019-06-10,19.6,16.1,637,23,1519,6.5,.5,743,1.9,720,3.4,9.5,50,1323,5.5,90,1328,3.3,2830,13.4,49,1808,70,15.5,998.8,1008.5,2339,1005,28,1006.8,14.7,5.8,1300,2.75,16.91,,,,,,8.5,4.9,21.9,15.4,21,20.9,20.7,20.3,19.7,18,16.2,12.9,12,4.1,5.8,0,
112,2019-06-11,20.3,16.5,524,24.3,1615,,,,,,,8,340,1403,4.8,340,1406,2.7,2340,11.5,41,1139,58.6,13.7,1000.8,1009.8,757,1007.5,1639,1008.8,14.7,13.4,1300,3.46,26.48,,,,,,2.6,2.1,23,13.2,21.2,21,20.8,20.4,19.7,18,16.2,12.9,12,4.9,7.1,,
112,2019-06-12,20.2,17,515,23.7,1537,,,,,,,8.1,270,1225,5,270,1626,2.4,2052,14.7,49,1746,72.9,16.8,1002.4,1011.3,1105,1009.4,147,1010.4,14.7,13.8,1200,3.36,28.19,,,,,,0,0,24,13.4,21.7,21.4,21.2,20.6,19.9,18.1,16.3,13,12,4.9,7,,
112,2019-06-13,21.3,17.2,521,26.5,1601,,,,,,,6.6,340,1958,4.4,340,2006,2.2,1866,14.4,38,1540,67.3,16.4,1001.9,1011.6,903,1008,1701,1009.8,14.7,12.2,1200,3.4,28,,,,,,4,0,25.8,13.3,22.4,21.9,21.6,21,20.2,18.2,16.4,13.1,12,5.1,7.2,,
112,2019-06-14,21.7,18.9,608,26.7,1555,,,,,,,6.5,340,1500,4.2,340,1502,2.3,1984,15.6,43,1542,70.9,17.8,997.5,1008.6,1,1002.9,1744,1005.4,14.7,7.5,1300,3.13,21.8,,,,,,6.1,.5,25.2,16.4,22.9,22.3,22,21.4,20.7,18.4,16.5,13.2,12.1,5,7.1,,
112,2019-06-15,21.8,19.1,531,25.4,1347,,,,,,,11.4,340,1837,6.9,360,1853,3.9,3365,14.8,45,1900,66.3,17,992.6,1003.4,1,997.3,1743,1000.5,14.7,12.7,1200,3.44,28.22,,,,,,1.5,1.5,26.5,16.2,23.3,22.7,22.4,21.7,20.9,18.7,16.6,13.3,12.1,5.9,8.4,,
112,2019-06-16,21.1,17.5,527,25.1,1320,,,,,,,8.6,290,1533,5.4,270,1751,2.5,2162,13.9,46,1111,65.4,16,998.8,1010,2350,1002.3,1,1006.8,14.7,13,1300,3.32,25.88,,,,,,3.9,.5,26.5,14.3,23.4,22.8,22.5,21.9,21.2,18.9,16.7,13.3,12.1,4.7,6.7,.2,
112,2019-06-17,19.7,17.4,550,23.3,1608,.58,.2,,.2,,.2,7.8,230,142,4.5,250,1146,2.8,2452,15.1,55,1608,75.6,17.2,1003.9,1013,1140,1009.8,1,1012,14.8,12.9,1200,3.46,27.27,,,,,,7,2.5,26.8,15.9,23.6,23.1,22.8,22.2,21.4,19.1,16.9,13.4,12.1,4.2,6,,
112,2019-06-18,20.6,18.5,37,24.1,1156,8.67,.7,1849,1.8,1849,4.5,9.4,180,1026,6,180,1031,2.9,2473,16.7,55,1013,79.9,19.1,1002.2,1012.5,730,1008.7,1725,1010.1,14.8,1.9,1100,2.05,12.48,,,,,,9.4,6.5,22.5,15.6,22.9,22.6,22.6,22.2,21.6,19.3,17.1,13.5,12.2,2.4,3.4,5.3,
112,2019-06-19,20.9,18.9,110,25,1349,2.33,.2,,.3,-2341,.8,7.7,290,1619,4.7,340,1711,2.4,2101,18.2,59,1334,85.5,20.8,999.9,1009.2,531,1006.3,1508,1007.8,14.8,6.4,1300,2.89,19.85,,,,,,8.8,8,25,17.8,22.7,22.4,22.2,21.8,21.3,19.5,17.2,13.6,12.2,3.4,4.9,,
112,2019-06-20,21.5,19.4,2338,25.5,1407,,,,,,,8.1,270,1417,5.2,290,1422,2.5,2163,18.3,54,1548,84,21.1,999.2,1008.2,820,1005.6,1726,1007.1,14.8,9.1,1200,3.59,24.61,,,,,,7.8,4.6,26.9,16.4,23.7,23.2,22.9,22.2,21.4,19.4,17.3,13.7,12.2,4.1,5.8,,
112,2019-06-21,21.4,19,358,24.8,1505,,,,,,,6.8,340,1626,4.4,340,1538,2.3,1977,18.5,62,1506,84.8,21.3,998.1,1007.4,1,1004.4,1710,1006,14.8,5.7,1400,1.98,16.08,,,,,,6.1,5.5,25.1,15.8,23.4,23,22.8,22.4,21.7,19.5,17.4,13.8,12.2,3.3,4.6,,
112,2019-06-22,23.4,17.7,534,28.1,1558,,,,,,,7.5,340,1515,4.8,340,1815,3,2577,13.5,38,2342,55.6,15.7,998.3,1007,49,1004.7,1659,1006.1,14.8,13.9,1200,3.34,28.22,,,,,,1.9,1.6,28,14.8,24.1,23.4,23,22.4,21.6,19.6,17.5,13.8,12.2,6.7,9.6,,
112,2019-06-23,24.4,20.6,523,28.6,1506,,,,,,,8.9,360,1546,6.1,340,1553,3.2,2795,11.6,36,1403,45.3,13.7,1000.3,1009.3,2205,1006.6,20,1008.1,14.8,13.8,1300,3.33,28.82,,,,,,1.4,1.4,29.1,15.4,24.8,24.1,23.7,22.9,22,19.7,17.6,13.8,12.2,6.4,9.2,,
112,2019-06-24,23,20.6,545,26.4,1422,,,,,,,8,230,1521,4.6,270,1600,2.5,2169,16.5,42,1309,67.8,18.8,1004.1,1014.8,2313,1009.2,1,1012,14.8,14.1,1200,3.43,28.75,,,,,,.6,.6,29.6,16.1,25.5,24.7,24.3,23.4,22.4,19.9,17.7,13.9,12.2,5.3,7.6,,
112,2019-06-25,23.7,19.5,456,28.7,1622,,,,,,,6.5,290,1517,4.8,270,1548,2.3,1947,16.8,39,1540,67.3,19.2,1006.2,1016,635,1012.5,1704,1014.2,14.7,13.7,1200,3.22,27.57,,,,,,1.5,.1,29.3,15.3,25.7,25.1,24.6,23.8,22.8,20.2,17.9,14,12.3,5.1,7.4,,
112,2019-06-26,23.8,21.1,535,27.5,1326,1.08,0,,0,,0,7.2,180,2320,4.1,250,1616,1.6,1392,17,51,1255,66.9,19.4,1000.2,1013.3,1,1004,2358,1008,14.8,.8,1400,1.87,11.53,,,,,,8.9,4.6,26.3,16.4,24.7,24.4,24.3,23.8,23,20.4,18,14.1,12.3,2.4,3.5,.9,
112,2019-06-27,23.7,21.8,414,27.1,1247,5.17,.1,,.3,509,.9,6.8,230,1356,4.5,290,1717,2.1,1818,20.3,65,1244,82,23.9,992.9,1004,1,999.1,1550,1000.7,14.8,5.9,1200,3.01,15.61,,,,,,8.6,6.3,27.8,20.5,24.8,24.5,24.1,23.6,22.8,20.6,18.2,14.2,12.3,2.9,4.2,3.7,.08
112,2019-06-28,22.5,20.7,520,26.9,1543,5.58,2.1,306,3.7,306,3.8,6.4,250,1653,4.3,270,1711,2,1770,19.5,59,1403,84.4,22.8,994,1002.9,718,1000.8,1427,1001.8,14.7,2.4,1300,2.68,12.7,,,,,,9.4,5.8,26.5,19.3,24.4,24.2,24,23.6,22.9,20.7,18.4,14.3,12.4,2.4,3.4,3.3,
112,2019-06-29,23,20.3,712,26.3,1729,8.33,.7,709,1.7,619,3.2,6.1,160,1607,3.6,160,1607,2,1712,20,57,1612,84.9,23.4,990,1002,1,994.2,1717,997.8,14.7,1.8,1100,1.56,9.6,,,,,,8.6,4.6,23.7,19.2,23.6,23.5,23.4,23.2,22.7,20.8,18.5,14.4,12.4,2.2,3.2,,
112,2019-06-30,22.2,20.7,611,24.4,1209,1.75,.1,,.1,,.2,7.7,200,1007,5,200,1008,2.7,2335,20.5,72,807,90.6,24.1,992.9,1003.6,2358,997,1,1000.7,14.7,3,1100,2.17,11.54,,,,,,7.6,4.9,24.1,18,23.3,23.2,23.1,22.9,22.4,20.7,18.6,14.4,12.4,1.8,2.6,.2,
112,2019-07-01,22.3,19.8,151,25.8,1432,,,,,,,7.7,250,1405,4.4,250,1508,2.6,2214,18.7,56,1405,81.6,21.6,997.6,1007.4,2326,1003,210,1005.5,14.7,11.1,1400,3.09,24.15,,,,,,4.3,.9,27.8,17.5,24,23.5,23.2,22.7,22.2,20.7,18.7,14.5,12.5,4.1,5.9,,
112,2019-07-02,22.7,19.6,600,26.3,1518,,,,,,,8.5,270,1347,5.1,270,1719,2.8,2385,19.5,57,1248,83.6,22.7,1001,1009.9,2309,1007.4,8,1008.9,14.7,11.5,1200,3.36,27.02,,,,,,4.5,4.5,29.8,18.9,25.3,24.6,24.1,23.3,22.4,20.6,18.7,14.6,12.5,4.6,6.5,,1.05
112,2019-07-03,22.3,20.3,512,25.2,1127,,,,,,,7,340,1812,3.5,340,1724,2,1761,19.9,58,1125,87,23.3,1000.2,1010.5,506,1006.1,1940,1008.1,14.7,2.8,900,2.18,11.74,,,,,,6.3,5.5,25.2,17.3,24.8,24.5,24.3,23.8,23,20.7,18.7,14.7,12.5,2.3,3.2,,1.17
112,2019-07-04,22.8,19.7,500,27.2,1630,,,,,,,7.6,230,1539,5.1,270,1639,2.2,1912,19.1,39,1534,82.3,22.2,998.7,1008.2,711,1005.2,1706,1006.6,14.7,11.3,1200,3.43,27.37,,,,,,4.5,2,30.2,15.2,25.2,24.7,24.3,23.7,23,21.1,19,14.9,12.7,4.9,6.9,,1.53
112,2019-07-05,25.1,20.7,504,30.8,1548,,,,,,,6.8,340,1810,4.4,340,1642,2,1713,16,32,1810,62,18.7,995.3,1006.2,10,1000.9,1717,1003.1,14.7,12.1,1200,3.19,26.17,,,,,,3.3,1.8,30.2,16.4,26.3,25.8,25.2,24.3,23.3,21.2,19.1,15,12.7,5.8,8.3,,.88
112,2019-07-06,28.6,22.9,532,34.6,1544,,,,,,,9,110,1225,4.9,110,2335,2.3,2015,16.1,26,1553,48.8,18.4,995.8,1005.9,2355,1001.7,21,1003.5,14.7,12.9,1200,3.25,26.33,,,,,,3.1,3.1,34.1,19.1,27.4,26.8,26.1,25,23.8,21.3,19.2,15.1,12.7,7.1,10.1,,
112,2019-07-07,27,23.9,2358,30.6,1305,,,,,,,12.2,90,1121,7.1,90,1127,4.1,3530,14.2,35,1647,46.4,16.3,999.1,1007.9,644,1005.4,1326,1006.9,14.7,7.6,1100,3.11,18.69,,,,,,7.5,3.4,31.5,20.7,27.6,27.1,26.6,25.6,24.5,21.6,19.3,15.2,12.7,6.3,9,,
112,2019-07-08,25.6,21.8,528,30.2,1411,,,,,,,9,90,1917,6.1,90,1911,3.4,2908,14,34,1400,49,16,999.4,1008.9,731,1005.5,1508,1007.2,14.6,9.2,1200,2.93,19.14,,,,,,6,3.8,31,19.6,27,26.6,26.2,25.5,24.5,21.9,19.5,15.2,12.8,5.7,8.1,,
112,2019-07-09,25.1,21,529,29,1443,,,,,,,8.7,110,2144,5.4,90,2144,3,2554,14.2,38,1444,51.3,16.2,998.3,1007.5,529,1004.4,1833,1006.1,14.6,8.6,1000,2.63,17.33,,,,,,4.4,4.3,28.7,16.5,26.4,26.1,25.9,25.3,24.5,22.1,19.6,15.3,12.8,4.8,6.8,,
112,2019-07-10,22.8,19.6,2332,26.4,1144,10.95,.5,2250,1.2,2058,3.7,10.6,140,929,6.5,90,938,4.2,3632,15.9,48,1144,67.5,18.2,998.8,1007.7,744,1005.9,1629,1006.7,14.6,1.9,1000,1.59,10.43,,,,,,9.1,4.5,26.1,18.7,25.6,25.4,25.3,25,24.4,22.2,19.8,15.4,12.8,2.7,3.9,3.8,
112,2019-07-11,21,19.5,37,23.2,1420,9.5,.1,,.1,,.1,10.7,50,914,6.1,50,846,4,3414,18.2,71,1822,84.4,20.8,997.3,1006.8,2320,1004.3,1427,1005.2,14.6,0,1100,1,7.05,,,,,,9.6,6.4,21.9,17.9,23.7,23.7,24.1,24.1,23.9,22.3,20,15.5,12.9,2,2.8,0,
112,2019-07-12,22.7,20.2,1,25.7,1406,,,,,,,7.9,230,1253,4.7,250,1444,2.5,2121,19.5,66,1405,83,22.7,998.4,1008.1,901,1004.8,1752,1006.3,14.6,9.9,1200,3.24,24.14,,,,,,5.9,4.9,28,18.5,24.4,24.1,23.8,23.5,23.1,22.1,20,15.6,12.9,3.7,5.3,11.1,
112,2019-07-13,23.1,21.5,619,26.3,1310,7.33,5.2,536,10.3,449,11.1,7.6,230,1546,4.5,250,1546,2.3,2014,20.7,64,1257,87.1,24.4,994.1,1005.1,1,999.4,1756,1001.9,14.6,7.6,1200,3.08,19.4,,,,,,5.8,4.8,25.3,19.2,25.1,25,24.6,24.1,23.4,21.9,20.1,15.7,13,3.4,4.8,,
112,2019-07-14,24.3,21.2,146,28.2,1513,,,,,,,7.1,250,1606,4.1,270,1228,1.9,1601,20.5,53,1615,80.9,24.1,994.7,1005,2330,1000.9,345,1002.5,14.5,10.3,1300,3.2,25.22,,,,,,4.1,4.1,29,19,25.7,25.4,24.9,24.3,23.6,21.9,20.1,15.7,13,4.4,6.3,,.87
112,2019-07-15,24,22.1,232,26.5,1722,1.5,0,,0,,0,6,230,1335,3.6,230,1218,1.9,1673,21.2,63,1704,85,25.3,998.9,1009.2,2246,1004.7,221,1006.8,14.5,1.8,1600,1.78,10.9,,,,,,9.4,7.5,26.3,20.4,25.5,25.2,25.1,24.6,24,22,20.1,15.8,13,2.1,3,9.2,1.43
112,2019-07-16,24.3,22,611,28.1,1528,2.25,14,1005,27.5,921,37.5,5.9,340,1907,3.8,270,1701,2.1,1798,21.3,60,1511,85,25.4,1002.6,1012,2337,1009,1,1010.5,14.5,7,1200,3.33,19.6,,,,,,6.9,4.5,26.7,20.2,25.2,25,24.8,24.3,23.9,22.1,20.1,15.9,13.1,3.5,5,28.3,.62
112,2019-07-17,25.1,22.3,534,28.4,1443,,,,,,,6.3,340,1551,4.1,340,1553,1.7,1487,20.3,55,1501,76.4,23.9,1003.1,1012.1,454,1009.7,2035,1011,14.5,3.1,1400,2.12,15.88,,,,,,9,2.9,26.5,19.8,25.4,25.3,25,24.6,23.9,22.2,20.1,15.9,13.1,3,4.2,0,1.17
112,2019-07-18,25.8,22.6,600,30.1,1339,.25,0,,0,,0,6.8,270,1413,4.5,250,1359,2.1,1786,19.8,54,1255,70.8,23.1,1000.7,1010.5,116,1006.3,1731,1008.5,14.5,9.6,1200,2.78,22.04,,,,,,6.1,3.5,26.6,20.4,25.7,25.6,25.2,24.7,24,22.2,20.2,16,13.1,4.7,6.7,,
112,2019-07-19,28.1,23,323,33.6,1438,,,,,,,9.5,230,1710,5.6,200,1711,2.5,2190,21,43,1220,66.4,24.9,998,1008.2,1,1004,1512,1005.7,14.4,9.4,1100,2.78,19.54,,,,,,5,2.4,27.6,19.5,26.2,26,25.6,25,24.2,22.3,20.2,16.1,13.1,5.1,7.2,2.2,
112,2019-07-20,27.8,24.9,903,31,1550,9.17,1,825,2.5,806,3.8,15.1,90,1123,8.2,110,1146,5.1,4440,22.2,57,1541,73,26.9,992.1,1004.9,1,997.1,1612,999.8,14.4,1.5,1200,2.01,11.99,,,,,,9.8,6,26.6,23.7,26.2,26.1,25.8,25.3,24.6,22.5,20.4,16.3,13.3,3.4,4.8,7.6,
112,2019-07-21,24.6,23.4,2053,27.5,1,10.42,1.3,400,4.4,339,6,9.2,250,1807,5.1,250,1807,3.2,2801,23.6,73,2,94.8,29.2,993.9,1005.6,2253,997.7,140,1001.7,14.4,2.4,1400,2.59,9.96,,,,,,9.1,7.3,26.6,22.9,25.6,25.6,25.4,25.1,24.5,22.6,20.4,16.3,13.2,1.8,2.5,0,2.07
112,2019-07-22,24.9,23.2,204,28.1,1547,,,,,,,7.6,230,155,3.9,250,209,2.5,2178,23.5,74,1340,92.5,28.9,998.4,1007.1,948,1005,1655,1006.2,14.4,7.1,1200,2.53,18.33,,,,,,7.5,6,27.1,21.3,25.9,25.8,25.4,24.9,24.3,22.6,20.5,16.3,13.3,2.9,4.2,0,6.1
112,2019-07-23,26.5,23.7,58,29.9,1541,2.17,0,,0,,0,9.1,230,1640,5.5,230,1636,2.5,2159,23.8,64,1541,86.3,29.5,997.2,1007,107,1002.5,1626,1005,14.3,5.4,1200,3.3,17.95,,,,,,9,7.1,28.7,21.7,26.4,26.3,25.8,25.2,24.5,22.6,20.6,16.4,13.3,3.3,4.6,.4,2.82
112,2019-07-24,25.5,24.8,433,26.2,1832,7.75,.2,,.4,925,1,8.1,200,1156,5.4,180,1151,2.6,2270,24.6,89,48,95.5,31,996.3,1005.2,905,1002.8,433,1004.1,14.3,0,1300,.48,3.3,,,,,,9.5,8.5,25.5,24,25.9,25.9,25.7,25.4,24.8,22.7,20.7,16.5,13.3,.8,1.2,.6,
112,2019-07-25,25.5,24.9,2225,26.1,901,10.33,6,1741,6.3,1725,9.1,7.3,180,1253,4.3,180,852,2.5,2159,25,92,717,97.4,31.6,996.4,1005.1,916,1003,1806,1004.2,14.3,0,1200,.52,3.1,,,,,,9.9,9.1,25.6,24.2,25.3,25.3,25.1,24.9,24.5,22.8,20.7,16.6,13.4,.6,.9,57.4,1.1
112,2019-07-26,24.4,23.2,852,25.1,20,15.75,10.2,843,23.5,754,61.1,9.6,230,446,5.9,230,509,2.5,2193,24.1,98,1,98.4,30,995.8,1004.6,2304,1002.4,441,1003.6,14.3,0,1300,.5,2.33,,,,,,9.8,8.1,24.6,22.6,24.8,24.7,24.7,24.6,24.4,22.9,20.9,16.7,13.5,.9,1.2,12.9,4.55
112,2019-07-27,27.2,24.5,542,30.9,1413,2.42,4.1,2341,4.7,2259,4.8,9.1,180,2342,5.2,180,2349,2.3,1990,24.4,64,1301,85.6,30.6,997.6,1006.5,2237,1004.1,135,1005.4,14.2,10.3,1300,3.16,23.89,,,,,,6.6,5.5,29.6,23.8,26.2,26,25.4,24.7,24,22.9,21,17.2,13.4,4.2,6,29.6,2.5
112,2019-07-28,25.5,24.6,1027,26.8,15,15.83,8.7,719,16.6,640,30,13.3,230,1655,7.5,230,1657,4.1,3581,24.7,88,1815,96,31.2,999.9,1009.5,2319,1005.8,342,1007.7,14.2,0,1300,1.09,4.05,,,,,,9.8,7.8,26,23.9,26.3,26.2,26,25.6,24.9,22.9,21.1,17.1,13.6,1.1,1.6,5.3,.17
112,2019-07-29,26.8,25.1,449,29,1443,.58,.2,,.2,,.2,10.9,230,1128,6.3,200,1133,4.3,3743,23.8,73,1444,84,29.5,1000.8,1009.8,1149,1007.3,1720,1008.6,14.2,3.9,1400,2.35,13.53,,,,,,8.6,8.3,27.5,24.4,25.8,25.8,25.5,25.2,24.6,23.2,21.2,17.6,13.7,2.9,4.2,.9,
112,2019-07-30,27.1,25.6,354,29.2,1142,2.92,1.3,2214,1.5,2137,2.4,11.7,200,1558,7.3,230,1559,4.8,4183,24.8,75,1143,87.6,31.2,998.8,1007.9,1,1005,1651,1006.6,14.2,1.9,1100,2.47,9.63,,,,,,9.1,8.4,26.3,24.3,26.1,26,25.8,25.3,24.7,23.1,21.2,17.4,13.8,2,2.9,36.5,
112,2019-07-31,25,23.7,855,26.3,1,13.58,14.5,852,28.4,835,50,11.5,230,248,6.9,230,243,3.6,3097,24.5,87,1257,97.1,30.8,1001,1011.1,2209,1006.7,623,1008.8,14.1,0,1200,1.22,3.12,,,,,,9.5,7.1,25.1,22.9,25.5,25.5,25.4,25.2,24.8,23.2,21.4,17.5,14,.8,1.2,40.6,
112,2019-08-01,25.8,23.4,959,28.3,1600,7.67,6.1,119,11.5,112,26,7.5,250,1231,4.2,180,731,2.4,2068,24.6,78,1510,93.5,30.9,1003.8,1012.8,957,1010.6,37,1011.7,14.1,4.6,1500,2.31,13.17,,,,,,8.4,7,27.1,22.9,25.6,25.5,25.3,25,24.4,23.3,21.4,18.4,15.3,2.4,3.4,.4,
112,2019-08-02,27.6,24.8,542,31.5,1455,,,,,,,7.3,340,1519,4.4,340,1523,1.9,1617,24,61,1457,82.4,29.9,1003.9,1013.2,658,1009.7,1652,1011.7,14.1,12.3,1300,3.15,24.09,,,,,,3.6,2.3,29.1,22.6,27.2,27,26.4,25.6,24.6,23.2,21.5,18.3,15.5,4.5,6.4,,
112,2019-08-03,28.8,25.2,449,33.6,1515,,,,,,,7.3,360,1537,4.7,340,1657,2.1,1839,23.7,58,1514,75.5,29.4,1002.9,1011.7,1,1009.3,1515,1010.7,14,12.7,1200,3.04,24.52,,,,,,3,.9,29.9,23,28,27.9,27.3,26.5,25.3,23.2,21.5,18.1,15.6,5.1,7.3,,
112,2019-08-04,28.7,25.3,539,33.1,1540,,,,,,,7.3,290,1546,5.1,270,1607,2,1749,23.5,56,1541,74.8,28.9,1002.9,1011.6,933,1009.7,1737,1010.6,14,11.7,1300,3.04,23.09,,,,,,5.1,0,30.1,23.4,28.3,28.2,27.7,27,25.8,23.5,21.6,18,15.7,4.7,6.8,,
112,2019-08-05,29.9,26.1,523,34,1505,,,,,,,7.9,360,1606,5.1,340,1526,2.3,2008,24.4,51,1745,73.8,30.6,1001.6,1011.4,755,1007.4,1725,1009.3,14,10.5,1300,2.91,21.05,,,,,,3.5,1.1,30.6,23.8,28.5,28.4,27.9,27.2,26.1,23.7,21.7,18.1,15.7,4.6,6.6,,
112,2019-08-06,31.4,28.2,544,34.9,1333,,,,,,,8.2,90,2009,4.8,90,2016,2.4,2054,22.3,39,1208,59.4,27.1,998.5,1008.6,653,1004,1813,1006.2,13.9,9.3,1100,2.71,17.9,,,,,,6.6,1.5,30.1,24.9,28.8,28.7,28.2,27.5,26.4,23.9,21.8,18.1,15.6,4.8,6.9,0,
112,2019-08-07,27.9,25.7,743,31.1,1555,5.25,0,,0,,0,7.4,70,646,4.4,90,39,2.1,1837,22.8,54,1,75,27.8,997.5,1007.1,2353,1003.6,348,1005.3,13.9,4,1500,2.3,11.75,,,,,,7.9,4.5,28.3,23.4,27.8,27.9,27.7,27.4,26.6,24.2,21.9,18.2,15.4,2.6,3.8,0,
112,2019-08-08,28,26.3,130,30.8,1328,,,,,,,6.3,230,1330,3.7,340,1714,2.1,1820,23.9,68,943,79.4,29.8,1000.4,1009.2,1056,1007,1549,1008.1,13.9,8,1300,2.87,17.94,,,,,,7.5,4.4,29.2,23.8,28,28,27.6,27.1,26.3,24.3,22,18.2,15.3,3.7,5.3,,
112,2019-08-09,28.9,26,336,32.3,1514,,,,,,,6.6,250,1704,4.3,270,1306,2.2,1895,23.3,56,1541,72.6,28.6,999.6,1008.7,1,1005.9,1605,1007.3,13.8,13,1200,3.22,25.63,,,,,,3.3,1.4,32.1,23,28.7,28.5,28,27.4,26.4,24.4,22.1,18.2,15.3,5.1,7.3,,
112,2019-08-10,31.4,27.1,441,36,1422,,,,,,,9.8,160,2321,6,140,2343,2.9,2497,23,43,1337,63,28.2,997.4,1007.6,1,1002.7,1709,1005.1,13.8,11.4,1200,3,22.18,,,,,,6.5,1,32.5,23.8,29.7,29.3,28.7,28,26.8,24.5,22.3,18.3,15.3,7,10,,
112,2019-08-11,30.3,24.9,2359,35.1,1352,4.42,2.7,2327,7.6,2300,10,15.7,110,842,9.8,140,839,6.1,5230,20.4,41,1353,57.6,24.1,993,1005.2,14,997.8,1554,1000.7,13.8,8.5,1200,3.25,21.8,,,,,,7.1,3.3,33.9,23.7,29.7,29.1,28.9,28.3,27.2,24.7,22.4,18.3,15.3,6.6,9.5,47,
112,2019-08-12,26.2,24.5,115,28.8,1727,19.58,3.3,2031,9.3,504,52.7,10.8,110,25,6.1,140,27,3.7,3216,25.3,78,1635,95.3,32.4,992.1,1001.4,2104,997.6,320,999.8,13.7,3.2,1500,1.96,9.68,,,,,,9.4,6.8,27.8,23.6,28.2,28,28.1,27.9,27.3,25.1,22.7,18.6,15.4,1.7,2.5,16.7,1.32
112,2019-08-13,27.5,23.5,443,31.7,1622,5.42,2.2,2159,2.5,2117,4.1,8,270,157,4.2,250,204,2.2,1941,23.8,60,1533,81.8,29.5,994.7,1003.3,822,1001,47,1002.4,13.7,8.5,1100,2.72,17.19,,,,,,7,6,29.4,22.8,28.3,28.2,27.9,27.5,27,25.4,22.9,19.2,15.5,3.8,5.4,3.1,
112,2019-08-14,29.5,26.3,544,33.3,1353,1.17,1.5,1849,2.7,1808,2.7,7,90,2359,4.5,90,2400,2.1,1832,24.5,54,1348,75.9,30.8,991.9,1003,22,996.7,2353,999.6,13.7,10.7,1300,2.99,20.23,,,,,,5.9,3.8,30,23.9,29,28.9,28.5,27.9,27,25.2,22.9,18.9,15.6,4.6,6.6,2.7,
112,2019-08-15,26.3,23.8,2238,28.5,1,6.33,.9,1250,3.1,1218,6.4,9,90,331,5.8,70,715,3.6,3079,22.4,64,45,80,27.2,985.6,996.8,2,990.9,1839,993.3,13.6,.6,1700,1.11,7.23,,,,,,8,5.4,26.7,22.2,28.1,28.1,28.2,27.9,27.3,25.2,23.1,18.8,15.8,1.8,2.5,6.4,
112,2019-08-16,25.8,23.8,1,29,1255,1.67,0,,0,,0,11.4,270,1624,7.3,290,1633,3.7,3215,22.3,63,1627,82,27,987.7,999.5,2340,991.4,115,995.4,13.6,10.8,1100,2.29,18.45,,,,,,6,5.6,26.6,22.1,27.1,27.2,27.2,27.2,26.8,25.3,23.1,18.9,15.9,3.8,5.4,,
112,2019-08-17,25.3,23.5,2350,28.5,1336,.25,0,,0,,0,7.4,270,1548,4.8,290,1557,3,2579,20.3,52,1556,74.6,23.9,993.5,1004.3,2354,999.4,1,1001.3,13.6,8.2,1200,2.7,16.86,,,,,,4.6,3.8,26,22.1,26.6,26.7,26.8,26.8,26.5,25.2,23.1,18.9,16.1,3.9,5.5,0,
112,2019-08-18,25.3,23.2,524,28.4,1502,,,,,,,6.8,270,1648,4.6,270,1724,2.5,2188,19.5,42,1542,71.6,22.8,998.9,1008.5,2355,1004.3,1,1006.7,13.5,11.8,1200,3.12,24.57,,,,,,4.6,2.9,26.7,21.1,26.5,26.5,26.6,26.4,26.1,25,23.1,19,16.3,4.6,6.6,,
112,2019-08-19,26.1,22.8,608,29.7,1450,,,,,,,7.8,340,1734,4.7,340,1540,2.5,2117,20.1,45,1416,70.9,23.5,1001.7,1010.5,941,1008.3,1612,1009.5,13.5,11.4,1300,2.97,21.15,,,,,,3.3,1.3,26.6,19.7,26.4,26.4,26.5,26.4,26,24.9,23.1,19,16.2,4.6,6.6,,
112,2019-08-20,27.9,23.5,457,31.4,1632,,,,,,,6.3,320,1522,4.7,290,1515,2.2,1938,19.9,49,1451,62.8,23.3,1001.6,1010.9,630,1007.9,1648,1009.3,13.5,10.6,1100,3.04,20.48,,,,,,3.3,1.9,27.7,20.9,26.7,26.7,26.7,26.4,25.9,24.8,23.1,19.1,16.2,4.6,6.6,,
112,2019-08-21,26.9,24.7,608,30.7,1449,4.83,.2,,.6,1953,.6,7.7,180,301,4.5,340,1558,2.4,2074,21.1,56,1221,71.4,25.1,1000.3,1009.2,1022,1007.5,1452,1008.1,13.4,5.7,1300,2.72,16.32,,,,,,8.1,3.3,27.9,23,26.9,26.9,26.9,26.6,26,24.7,23.1,19.2,16.1,3.4,4.9,.6,
112,2019-08-22,26.3,23.9,543,29.4,1426,,,,,,,7.6,340,1449,5.1,270,1610,2.5,2182,21,44,1543,74,25,998.6,1008.1,1,1005.2,1506,1006.4,13.4,10.8,1200,3.14,23.46,,,,,,7.1,3.3,28.8,22.1,27.3,27.1,27.1,26.7,26.1,24.7,23.1,19.2,16,4.8,6.9,,
112,2019-08-23,25.8,22.9,546,29,1611,,,,,,,8.2,320,1613,5.4,270,1830,3.1,2636,17.9,43,1256,62.8,20.5,1000.5,1009.6,2332,1006.9,57,1008.3,13.3,11.5,1100,3.16,24.25,,,,,,3.5,1.3,28.6,20.5,27.3,27.1,27.2,26.8,26.2,24.7,23.1,19.3,16,5.3,7.6,,
112,2019-08-24,24.2,22.3,422,27.3,1635,,,,,,,7.2,270,1538,4.8,270,1447,2.2,1908,17.9,50,1627,68.5,20.6,1002.6,1011.6,2103,1009.3,253,1010.5,13.3,3.5,1600,1.67,9.46,,,,,,5.6,2,24,20.2,25.9,25.9,26.3,26.4,26.2,24.8,23.1,19.3,16,2.5,3.6,,
112,2019-08-25,24.8,21.4,614,28,1625,,,,,,,7.7,340,1657,4.9,340,1704,2.1,1836,19.1,51,1639,71.9,22.1,1004.8,1013.6,1027,1011.2,13,1012.6,13.3,12.1,1200,3.16,23.37,,,,,,2.1,2.1,27.4,18,25.9,25.7,25.8,25.8,25.5,24.7,23.1,19.3,16,4.7,6.7,,
112,2019-08-26,25.9,23.4,641,29.5,1608,,,,,,,6.7,340,1704,4.4,340,1727,2.2,1926,21,53,1502,75.8,24.9,1003.9,1013.4,238,1009.8,1553,1011.8,13.2,9.6,1200,3.12,20.68,,,,,,6.6,3.5,29.1,21.3,26.9,26.6,26.5,26.2,25.6,24.6,23.1,19.4,16,3.9,5.6,2.6,
112,2019-08-27,24.9,22.2,619,27.6,1546,6.67,1.5,420,2.2,339,2.6,6.5,230,424,4.1,340,1612,2.2,1942,20.4,60,1118,76.6,24,999.7,1011,12,1005.4,1554,1007.5,13.2,5.1,1500,1.9,13.71,,,,,,8.5,4.9,25.9,20.1,26.7,26.6,26.7,26.5,25.9,24.6,23.1,19.5,16,3,4.2,,
112,2019-08-28,25.6,23.7,647,28.5,1353,,,,,,,8.5,250,2137,5,250,1443,2.7,2312,20.6,49,1347,75,24.4,998.6,1007.6,1018,1005.1,1638,1006.4,13.2,11,1200,3.01,21.94,,,,,,5.3,3.4,28.8,22.5,26.8,26.6,26.5,26.2,25.7,24.6,23.1,19.5,16,4.3,6.1,,
112,2019-08-29,23.8,20.5,1031,26.3,1701,3.08,18,948,20.9,948,38.6,12.3,340,948,6.4,290,951,3.6,3099,19.9,64,1539,79.8,23.4,997.6,1006.7,1,1004.2,1519,1005.4,13.1,6.1,1300,2.24,11.22,,,,,,6.8,4.9,25.6,18.6,25.6,25.6,26,26,25.9,24.6,23.1,19.5,15.3,3.1,4.4,38.6,
112,2019-08-30,23.1,21.4,2352,25.6,1343,.17,0,,0,,0,9.5,250,1636,6.8,270,1858,3.7,3203,16.6,48,1308,67.5,19,1000.9,1011.3,2330,1006.5,155,1008.8,13.1,10.8,1100,2.97,20.29,,,,,,3.6,3.6,22,19.9,24.4,24.5,24.9,25,24.9,24.6,23.1,19.6,15.3,4.2,6,0,
112,2019-08-31,23.5,19.9,401,27.3,1346,.17,0,,0,,0,8.2,250,1413,4.7,320,20,2.4,2099,17.3,48,1256,69.4,19.8,1005.4,1015.4,2328,1011.2,3,1013.4,13.1,10.8,1300,3.13,21.74,,,,,,2.4,1.4,24.2,16.2,24.3,24.4,24.6,24.7,24.6,24.3,23.1,19.6,15.4,4.3,6.2,,
112,2019-09-01,23.6,20.4,616,26.3,1036,,,,,,,5.1,340,1619,3.4,290,1142,1.9,1614,18.4,58,1038,73.5,21.2,1008.7,1017.7,922,1015.4,1,1016.7,13,6.7,1000,2.02,13.81,,,,,,5.6,2.3,23.4,17,24.3,24.4,24.6,24.7,24.6,24.1,23.1,19.6,15.4,2.9,4.1,,
112,2019-09-02,24.6,20.8,620,28.8,1407,,,,,,,8.3,340,1640,5.6,340,1640,2.4,2115,17.4,35,1143,65.8,19.9,1008.4,1017.7,811,1014.3,1614,1016.3,13,7.4,1100,2.57,17.03,,,,,,7.5,2.9,23.9,17.7,24.4,24.5,24.6,24.6,24.4,24,23,19.6,15.4,3.8,5.4,0,
112,2019-09-03,24.6,22.5,527,28.1,1456,3.25,.8,1916,2.5,1823,3.2,7.2,110,1637,4.4,110,1740,2.2,1920,19.2,51,1425,73.3,22.3,1006.8,1016.1,645,1012.9,1513,1014.7,12.9,3,1100,2.11,11.75,,,,,,9.3,4.6,25.6,20.2,24.7,24.7,24.8,24.7,24.5,23.9,22.9,19.7,15.5,2.7,3.9,7.2,
112,2019-09-04,22.9,21.6,941,24.4,1821,10.42,8,1216,19.6,956,58.2,8.4,160,642,5.3,110,707,2.9,2531,21.3,75,526,91.4,25.4,1004.5,1014.4,1,1010.7,1818,1012.4,12.9,.5,1400,1.35,4.1,,,,,,8,6.1,24.2,20.5,24.1,24.1,24.4,24.5,24.6,23.9,23,19.8,15.6,.9,1.3,67.7,
112,2019-09-05,23,22.2,2148,25.4,1120,11.08,5.9,1306,20,1241,40.3,9.3,290,1246,5.4,270,1254,2.4,2054,22,78,1111,94.4,26.4,1003.5,1012.7,1042,1009.2,1626,1011.4,12.9,1.3,900,1.19,5.61,,,,,,9.6,4.5,23.6,21.1,24,24,24.2,24.2,24,23.8,22.9,20.4,15.6,1,1.5,26.9,
112,2019-09-06,24.7,22.1,252,27.8,1350,10.33,4,1820,4.4,1742,6.9,7.2,90,2314,4.6,90,2319,2.3,2025,22.6,70,1219,88.8,27.6,1000.8,1011.2,1,1005.9,2348,1008.7,12.8,.3,1200,1.47,7.9,,,,,,10,5.3,25.1,21,24.3,24.2,24.2,24.1,23.9,23.7,22.8,20.7,15.7,2.3,3.2,6.8,
112,2019-09-07,25.2,22.5,1929,29.5,1053,13.08,.4,1741,1,1657,1.4,31.9,180,1338,18.7,180,1402,8.6,7391,21.3,58,1053,80.3,25.4,988.3,1005.9,1,984.2,1354,996,12.8,.2,1000,.8,3.86,,,,,,9.6,6.5,23.7,21.7,24.4,24.4,24.5,24.5,24.1,23.5,22.8,20.5,15.8,2.5,3.5,1.4,
112,2019-09-08,24.2,23.1,536,26,1215,,,,,,,10.9,250,43,5.9,230,43,2.6,2204,21.6,72,1202,85.8,25.8,1000.3,1010.2,2331,1005.3,1,1008.1,12.7,2.1,1100,1.58,10.5,,,,,,8.9,3.6,24.4,21.6,24.2,24.2,24.2,24.1,23.9,23.5,22.7,20.4,16,1.9,2.7,,
112,2019-09-09,25.3,22.8,621,28,1236,.42,0,,0,,0,6.7,160,1223,4.6,90,2112,1.9,1621,20.5,56,1415,76.1,24.2,1002.3,1011.4,838,1008.9,1439,1010.2,12.7,1.6,1200,1.92,11.15,,,,,,9,4.3,25.4,20.5,24.7,24.7,24.5,24.3,24,23.5,22.7,20.3,16.1,2.7,3.8,33,
112,2019-09-10,23.8,22.2,2359,26.5,1044,18.5,6.7,2028,24.9,2030,88.8,9.9,20,2027,5.7,20,2032,2.4,2116,22.8,69,32,95,27.8,1003.3,1012.6,945,1009.6,1713,1011.1,12.7,1.1,1000,1.49,5.41,,,,,,9.9,7.4,24.5,21.7,24.8,24.8,24.7,24.6,24.1,23.4,22.6,20.5,16.3,1.1,1.6,60,1.13
112,2019-09-11,24.3,20.2,518,27.8,1328,5.83,.8,205,2.8,146,4.2,8.6,110,2035,5.8,50,541,3.5,3013,18.9,56,1247,74,21.9,1006.2,1016,2245,1010.6,110,1014.1,12.6,7.4,1200,2.64,15.73,,,,,,8.4,7.3,25.5,19.7,24.8,24.7,24.7,24.4,24.1,23.5,22.6,21.1,16.6,3.9,5.6,0,2.65
112,2019-09-12,20.5,17.4,2308,23.9,1,12.5,5.5,1048,8.3,1015,25.2,8.3,110,206,5.2,90,210,3.5,3007,16.2,59,1355,77.5,18.4,1008.3,1017.7,1029,1015.2,1534,1016.3,12.6,0,1300,.49,3.19,,,,,,9.9,7,21.8,16.7,23.6,23.7,24.1,24.4,24.3,23.5,22.7,21,16.9,1.4,2.1,25.2,
112,2019-09-13,22.5,17.5,1,27.5,1651,.42,0,,0,,0,8.1,110,944,4.9,340,1735,2.5,2117,16.3,41,1323,69.9,18.7,1005.5,1015.9,1,1011.6,1651,1013.4,12.6,9.6,1200,2.93,20.91,,,,,,3.8,2,23.5,16.7,23,22.9,23.1,23.2,23.4,23.5,22.6,21,17.2,4,5.7,,
112,2019-09-14,22.7,21.6,709,24.1,1017,2.25,.2,,.5,1241,.8,6.3,250,1533,3.7,180,745,2.1,1797,20.1,68,1001,86.1,23.7,1003.4,1012.3,821,1009.7,1528,1011.3,12.5,.6,1000,1,5.49,,,,,,8.6,7.5,22.7,19,23.4,23.4,23.6,23.6,23.5,23.3,22.7,21,17.5,1.3,1.9,.8,
112,2019-09-15,23.5,20.1,611,27.5,1614,,,,,,,7.5,360,1528,4.5,340,1246,2.5,2203,19.6,55,1335,80,22.8,1002.8,1012.6,918,1008.8,1647,1010.7,12.5,11.4,1300,2.92,19.19,,,,,,4.5,4,24.3,17.9,23.7,23.6,23.7,23.5,23.3,23.1,22.6,20.8,17.7,3.6,5.2,,
112,2019-09-16,24.1,20.3,642,28.7,1522,,,,,,,8.9,360,1546,5.8,20,1654,3.1,2636,15.2,34,1501,60.3,17.4,1002.9,1012.5,2359,1009.4,1508,1010.8,12.4,9.7,1100,2.86,19.59,,,,,,4.4,2.9,24.7,18.4,24.1,24.1,24.1,24,23.6,23,22.5,20.8,17.9,5.4,7.8,,
112,2019-09-17,23.9,19.8,623,28.1,1306,,,,,,,7.1,20,1812,4.6,340,1706,2.7,2293,12.2,28,1240,49,14.3,1006.6,1015.8,1008,1012.4,4,1014.5,12.4,9.9,1200,2.98,18.68,,,,,,6,2.1,22,14.9,23.4,23.5,23.7,23.8,23.7,23,22.4,20.7,17.7,4.8,6.9,,
112,2019-09-18,20.5,15.9,2343,23.5,1138,,,,,,,10.5,360,2006,6.5,340,1541,4.4,3792,9.2,29,1622,49.8,12.2,1009,1019,2358,1014.5,25,1017,12.4,11.8,1200,2.98,21.71,,,,,,1.1,0,20.6,12.7,22.8,22.9,23.4,23.5,23.5,23,22.4,20.7,17.5,6.1,8.7,,
112,2019-09-19,19.2,14.1,431,24.1,1623,,,,,,,7.8,360,1857,4.8,340,1637,3.2,2758,7.7,36,1755,48,10.7,1010.3,1020.4,834,1016.6,1715,1018.3,12.3,10.7,1100,2.8,19.4,,,,,,4.3,.9,18.8,11.2,21.1,21.3,22,22.6,23,23,22.4,20.7,17.2,4.3,6.2,,
112,2019-09-20,19.9,16,602,23.4,1324,,,,,,,7.7,90,1735,4.6,70,1730,2.7,2298,10.5,42,1722,55.5,12.8,1009.3,1019,2317,1016.2,1423,1017.4,12.3,.8,1200,1.55,8.22,,,,,,9.3,8.4,19.6,13.9,20.7,20.9,21.5,22.1,22.4,22.7,22.3,20.6,17.1,2.9,4.2,0,
112,2019-09-21,20.3,18.8,2400,22.5,1447,1.67,0,,0,,0,7,20,1318,4.3,90,222,2.7,2364,12.5,50,1031,61.6,14.6,1010.9,1019.9,855,1017.5,1427,1018.9,12.2,.1,1200,1.01,4.78,,,,,,9.9,9.4,19.4,16.6,20.5,20.6,21.1,21.6,22,22.5,22.2,20.6,17,2.1,3,,
112,2019-09-22,19.4,18.3,2220,20.5,1210,1.83,0,,0,,0,15.4,90,1235,8.8,90,1235,4.4,3844,11.6,56,1220,61.1,13.7,1004.9,1019.4,7,1010,2332,1012.9,12.2,0,1200,.58,3.55,,,,,,9.4,6.3,17.8,16.2,19.9,20,20.6,21.2,21.5,22.2,22.1,20.6,16.9,3,4.2,0,
112,2019-09-23,19.8,16.7,639,23.7,1544,,,,,,,10.8,20,144,6.9,20,524,3.7,3206,9.9,39,1257,53.6,12.2,1006.5,1017.3,2253,1009.8,23,1014.5,12.2,9.4,1200,2.83,18.7,,,,,,2,2,19.4,12.5,19.8,19.7,20.2,20.7,21,21.9,22,20.5,16.9,4.1,5.9,,
112,2019-09-24,20.2,16.2,640,24.4,1517,,,,,,,6.7,250,1327,4,270,1400,1.8,1581,13,33,1535,65.5,15.1,1010.7,1020.1,2344,1016.9,8,1018.7,12.1,11.7,1200,2.81,20.29,,,,,,.3,.3,20,10.7,20.2,20.2,20.6,20.8,20.9,21.6,21.8,20.5,16.9,3.9,5.6,,
112,2019-09-25,20.8,17,647,24.5,1450,,,,,,,5.3,250,1337,3.5,250,1344,1.7,1468,15.9,54,1403,74.1,18,1013.6,1023.3,2237,1020.1,1,1021.6,12.1,8.2,1100,2.36,15.21,,,,,,7.1,0,20.6,11.8,20.7,20.7,21,21.1,21,21.5,21.7,20.4,16.9,2.7,3.9,,
112,2019-09-26,22.9,18.8,538,28.1,1305,,,,,,,5.7,250,1325,4.4,270,1337,1.7,1502,14.6,37,1307,61.1,16.6,1015.3,1024.7,930,1022.3,1628,1023.3,12,7.9,1200,2.62,15.84,,,,,,8.5,1.5,22.2,14.3,21.5,21.4,21.5,21.4,21.2,21.4,21.6,20.4,16.9,3.6,5.1,,
112,2019-09-27,23.2,20.5,632,26.6,1418,,,,,,,6.2,50,1609,4.1,360,1650,1.9,1661,15.1,46,1050,61.3,17.3,1013.8,1023.8,901,1019.7,1609,1021.8,12,2.6,1000,1.74,10.03,,,,,,8.6,3.4,22.2,16.8,22,21.9,21.9,21.9,21.6,21.5,21.6,20.5,16.9,2.5,3.6,,
112,2019-09-28,23.1,20.2,610,27,1320,,,,,,,6.5,320,1313,4.3,340,1614,2.3,1952,16.8,48,1154,69.1,19.2,1010.1,1020.1,50,1016.3,1606,1018,11.9,10.8,1300,2.52,16.76,,,,,,4.1,1.4,23.6,16.2,22.4,22.2,22.3,22.1,21.8,21.5,21.5,20.4,16.9,3.3,4.7,,
112,2019-09-29,21.7,18.3,639,26.4,1611,,,,,,,5.7,320,1348,3.9,340,1228,2.1,1857,16.6,42,1236,75,19,1008.7,1018.1,905,1014.9,1635,1016.7,11.9,11.3,1200,2.69,18.58,,,,,,.3,0,22.4,14.4,22.3,22.1,22.3,22.3,22,21.6,21.5,20.4,16.9,3.6,5.1,,
112,2019-09-30,21.7,18.2,645,26.4,1413,,,,,,,5.3,270,1247,3.2,270,1630,1.6,1393,18.4,55,1344,83.4,21.2,1008.8,1017.7,2323,1015.8,1631,1016.8,11.9,10.5,1200,2.47,16.92,,,,,,1.5,1.5,22.5,13.3,22.2,22.1,22.3,22.3,22.1,21.7,21.5,20.4,16.9,3,4.2,,2.95
112,2019-10-01,22.8,18.4,704,27.5,1549,,,,,,,6.7,160,1338,3.4,230,1929,1.6,1419,18.2,52,1153,77.3,21,1009.7,1019.2,1016,1016.9,1526,1017.7,11.8,7.8,1100,1.88,12.8,,,,,,7.5,2.4,22.5,14.9,22.3,22.3,22.3,22.3,22.1,21.7,21.5,20.3,16.9,2.5,3.6,,2.22
112,2019-10-02,22.1,20.3,2335,24.4,1134,13.92,.8,1828,3.4,1845,13.2,12.3,70,1937,6.6,90,1928,3.4,2929,19.3,67,1115,85,22.4,1003.2,1016.9,1,1003.9,2359,1011.1,11.8,0,1100,.57,3.83,,,,,,9.9,7.6,22,19.2,22.4,22.4,22.5,22.5,22.2,21.8,21.5,20.3,16.9,1.3,1.9,17.4,
112,2019-10-03,23.1,19.9,226,27.2,1527,4.75,.3,5,1.5,115,4.2,9.4,340,1123,6,360,1124,3.7,3183,17.6,52,1525,72.3,20.1,998.4,1010.6,2309,1002.3,311,1006.3,11.8,6.5,1100,2.52,12.47,,,,,,5.8,3.4,21.9,17.2,22.2,22.1,22.2,22.2,22.1,21.8,21.5,20.3,17,3,4.3,,
112,2019-10-04,22.2,19.7,632,26.1,1520,,,,,,,7,200,844,4.7,200,845,2.5,2165,18,59,1507,77.9,20.6,1004.4,1013.7,1027,1010.5,1,1012.3,11.7,8.9,1200,2.56,15.33,,,,,,4.6,3.4,22.8,15.4,22.3,22.3,22.4,22.3,22.1,21.8,21.5,20.2,16.9,2.6,3.7,0,
112,2019-10-05,18.5,14.6,2354,21.3,1534,.83,0,,0,,0,9.1,360,1542,6.1,360,1547,3,2567,14.2,59,1254,76.6,16.4,1008.1,1021,2331,1012.8,308,1016.1,11.7,5.7,1400,2.26,11.67,,,,,,6.4,5.1,20.7,12,22,22,22.3,22.3,22.3,21.8,21.5,20.2,17,2.7,3.8,,
112,2019-10-06,17.9,12.7,454,22.1,1451,,,,,,,8,140,1052,5.1,140,1024,2.9,2484,9.9,45,1305,60.5,12.2,1014,1024.2,859,1020.7,2336,1022.1,11.6,8.1,1100,2.19,13.88,,,,,,6.5,3.6,18.5,9.8,20.2,20.4,21,21.5,21.8,21.8,21.5,20.2,17,2.8,4,8.4,
112,2019-10-07,15.3,14.3,2212,18.3,1,16.42,.7,741,2.7,712,13.8,6.7,160,20,3.6,160,28,2.3,1966,13.9,64,6,91.9,15.9,1009.8,1020.7,4,1015.7,1714,1018,11.6,0,1100,.49,2.34,,,,,,8,6.5,17,11.5,19.6,19.7,20.3,20.9,21.4,21.8,21.5,20.3,17.1,.8,1.2,5.4,
112,2019-10-08,15.7,11.9,2337,18.3,1406,,,,,,,11.2,340,1203,7.2,340,1140,4.2,3645,6.4,29,1347,56.6,10.1,1010.3,1022.2,2242,1015.8,320,1018.5,11.6,10.6,1200,2.69,17.57,,,,,,2.4,1,16.2,7.3,18.4,18.5,19.3,19.9,20.5,21.4,21.4,20.1,17,4.3,6.2,,
112,2019-10-09,14.5,10.1,642,19,1533,,,,,,,6.2,270,1416,3.8,270,1728,1.7,1440,2.6,22,1030,45.9,7.4,1011.4,1022.2,11,1017.4,1610,1019.6,11.5,10.8,1200,2.6,16.75,,,,,,2.3,0,14.1,4.6,17.1,17.3,18.3,19.1,19.9,21.1,21.2,20.1,17,3.3,4.7,,
112,2019-10-10,16.1,13.1,54,19.3,1347,,,,,,,5.2,340,1712,3.7,340,1707,1.7,1461,8.4,46,1318,60.8,11.1,1008.1,1018.3,1,1014.7,1400,1016.3,11.5,.8,1200,1.48,7.78,,,,,,9,5.8,16.1,7.9,17.2,17.4,18,18.7,19.3,20.7,21,20.1,17,1.8,2.6,,
112,2019-10-11,19.3,15,630,24.1,1500,,,,,,,7.9,70,2330,5.1,50,2339,2.8,2406,11.9,43,1647,63.9,13.9,1007.1,1016.7,2338,1013.2,1426,1015.1,11.4,10.5,1200,2.35,15.65,,,,,,1.4,0,18.3,12.1,18.2,18.2,18.5,18.8,19.1,20.3,20.8,20.1,17,3.6,5.1,,
112,2019-10-12,18.2,15.2,614,22.5,1413,,,,,,,12.4,90,1421,8,90,1425,4.8,4123,7.7,36,1206,52,10.6,1009.7,1020.7,2345,1016.1,320,1017.8,11.4,10.3,1200,2.5,16.61,,,,,,.6,.6,17,11.6,18.4,18.4,18.8,19.1,19.4,20.1,20.7,20,17,5,7.2,,
112,2019-10-13,17.5,12.8,550,23,1457,,,,,,,8.5,90,809,4.8,90,902,2.7,2299,8.9,37,1358,58.3,11.4,1014.1,1023.5,2313,1020.5,3,1022.3,11.4,10.5,1200,2.43,16.16,,,,,,1.9,.9,16.9,9.2,17.9,17.9,18.4,18.8,19.2,20,20.6,20,17,3.3,4.7,,
112,2019-10-14,14.3,9.8,2342,17.2,1347,,,,,,,10.8,340,1923,6.7,340,1821,3.7,3162,5.3,36,2052,57,9.5,1017,1028.3,2307,1023,253,1025.3,11.3,9.1,1200,2.5,15.11,,,,,,2,.8,15.7,6.1,17.7,17.7,18.3,18.7,19.1,19.9,20.4,20,17,3.9,5.5,,
112,2019-10-15,14,8.6,433,20,1242,,,,,,,6.8,320,1711,4.7,340,1709,2.4,2099,5.8,42,1,58.4,9.4,1019.6,1029.6,855,1026.4,1730,1027.9,11.3,8,1100,2.08,12.13,,,,,,2.1,2.1,13,5.3,16.1,16.4,17.3,17.9,18.7,19.7,20.3,20,17,2.5,3.5,,
112,2019-10-16,14.8,10.9,645,19,1447,,,,,,,6.5,340,1515,4.3,340,1519,2.3,1957,8.4,43,1414,67.1,11,1018,1028.3,139,1024.5,1531,1026.3,11.2,9.4,1100,2.17,13.92,,,,,,5.4,2.1,15.2,3.3,16.2,16.4,17.1,17.5,18.2,19.5,20.2,19.9,17,2.6,3.7,,
112,2019-10-17,16,12.6,701,21.1,1521,,,,,,,5.3,340,1049,3.3,320,1204,1.8,1554,7.4,35,1509,58.8,10.3,1015.8,1025.3,1,1022.5,1726,1024,11.2,8,1200,1.97,12.7,,,,,,6.3,4.3,16.5,6.8,16.7,16.8,17.3,17.6,18.1,19.2,20,19.9,17,2.9,4.2,,
112,2019-10-18,18.2,14.3,344,23.3,1500,,,,,,,8.1,140,1443,5,90,1558,2.9,2500,9.6,44,1443,57.9,12,1013.6,1024.6,56,1019.4,1654,1021.7,11.2,8.4,1200,2.02,12.79,,,,,,6.6,4.3,17.9,7.2,17,17,17.3,17.6,18,19.1,19.9,19.8,17,3,4.3,,
112,2019-10-19,17.2,13.4,705,21.3,1458,,,,,,,6.5,290,1839,4.3,340,1211,2.3,1962,11.4,50,1137,69.6,13.5,1012.4,1021.5,845,1019.5,1512,1020.6,11.1,10.3,1100,2.22,14.95,,,,,,.5,.5,17.1,8.9,17.5,17.4,17.8,17.9,18.2,18.9,19.8,19.8,17,2.7,3.9,,
112,2019-10-20,16.5,13.6,558,20.7,1434,,,,,,,5.6,340,1729,3.9,340,1735,2,1715,11.9,53,1500,75.8,14,1013.4,1023.6,843,1020.2,1623,1021.5,11.1,9.4,1200,2.05,13.03,,,,,,.8,.8,16.6,6.4,17.4,17.5,17.8,18,18.3,18.9,19.7,19.8,17,2.3,3.3,,
112,2019-10-21,17.4,12.6,654,22.4,1459,,,,,,,6,340,1509,4,340,1623,2.5,2189,11.2,39,1350,69,13.4,1010.4,1020.8,1,1016.5,1641,1018.5,11,9.6,1200,2.17,13.74,,,,,,3.3,0,16.5,7.6,17.3,17.3,17.7,17.9,18.3,18.9,19.6,19.7,17,2.9,4.1,,
112,2019-10-22,18,14.3,701,22.4,1400,,,,,,,5.1,180,604,3,270,1430,1.9,1650,10.9,46,1209,64.4,13,1009.4,1018.9,927,1016.2,1358,1017.5,11,9.2,1100,1.96,12.71,,,,,,5.1,.9,17,7.9,17.5,17.5,17.9,18,18.3,18.8,19.5,19.7,17,2.6,3.7,,
112,2019-10-23,17.8,15.6,248,20.5,1509,,,,,,,6,110,803,3.8,90,1030,2.4,2074,9.6,45,1502,59.5,12,1010.5,1019.9,2137,1017.4,229,1018.6,11,0,1200,1.23,7.54,,,,,,7.4,.9,16.1,10.7,17.2,17.4,17.8,18,18.3,18.8,19.4,19.6,17.1,2.2,3.2,,
112,2019-10-24,18.2,14.8,712,22.5,1408,,,,,,,10,90,1234,6.6,90,1241,3.1,2641,8.5,36,1522,54.5,11.1,1010.9,1021,846,1017.1,1432,1019,11,8.9,1200,2.16,12.88,,,,,,3.5,3.5,17.3,10.6,17.4,17.3,17.6,17.8,18.2,18.8,19.3,19.6,17.1,3.6,5.1,,
112,2019-10-25,16,11.9,2357,20.8,1223,.67,0,,0,,0,12.2,340,2215,7.7,320,2221,3.3,2825,9.4,42,1216,65.6,11.8,1009.6,1019.2,827,1016.1,1515,1017.7,10.9,7.3,1100,2,11.56,,,,,,6.9,3.4,16.3,9.1,17.2,17.2,17.7,17.8,18.1,18.7,19.3,19.5,17.1,2.5,3.6,0,
112,2019-10-26,10.2,7.7,634,12.8,1342,,,,,,,11.6,360,46,6.4,340,50,3.2,2745,3.3,51,1239,63,7.7,1010.7,1020.6,924,1017.7,1717,1019.1,10.9,9.3,1200,2.26,12.8,,,,,,4.4,2.1,12,4.8,15.9,16.2,17,17.4,18,18.7,19.2,19.5,17.1,2.1,3,,
112,2019-10-27,12.5,6.9,611,16.8,1326,,,,,,,7,360,2,3.8,360,7,2,1717,4.5,43,1123,59.1,8.4,1011,1020.6,916,1018,1707,1019.3,10.8,10,1200,2.18,13.75,,,,,,.6,.6,12.4,-.4,14.6,14.8,15.8,16.4,17.3,18.5,19.2,19.4,17.1,2.5,3.6,,
112,2019-10-28,14.1,10.2,642,17.3,1350,2.58,.3,2225,.4,2211,.6,12.9,230,2025,7.2,270,2150,3.7,3212,8,48,1222,68.3,10.8,1006.9,1019,1,1011.8,2021,1015.1,10.8,7.8,1100,2.07,11.38,,,,,,6.3,4.6,13.3,3.8,14.8,14.9,15.6,16.1,16.8,18.2,19,19.4,17.1,2.7,3.9,.7,
112,2019-10-29,13.6,9.2,2343,17.3,1225,.33,.1,,.1,,.1,9.5,340,1841,6.2,340,1422,3.4,2937,3.9,35,1229,53.1,8.1,1007.6,1020.1,2306,1013,413,1015.8,10.8,9.6,1200,2.31,13.08,,,,,,1.6,1.6,13.3,5.7,15.1,15.2,15.8,16.1,16.6,17.9,18.9,19.3,17.1,3,4.3,,
112,2019-10-30,13,7.8,646,17.3,1459,,,,,,,7.8,270,1600,4.3,270,1602,2.1,1817,5.5,44,1514,61.4,9.1,1013,1022.8,1101,1019.9,44,1021.3,10.7,10.1,1200,2.2,13.81,,,,,,.5,.5,12.7,0,14.1,14.3,15.1,15.6,16.4,17.8,18.8,19.3,17.1,2.6,3.7,,
112,2019-10-31,15.7,10.6,606,19.2,1324,,,,,,,9.2,270,1345,5.1,230,1339,3.4,2921,11.8,63,1057,78.3,14,1011.9,1021.5,148,1018.8,1604,1020.1,10.7,7.7,1100,1.9,10.14,,,,,,3.3,3.3,14.6,7,14.7,14.8,15.2,15.6,16.1,17.5,18.7,19.2,17.1,1.9,2.7,,
112,2019-11-01,15.1,12.8,709,18.6,1533,,,,,,,7.9,340,1057,5.1,340,1101,2.5,2138,4,21,1306,52.4,8.7,1013.4,1022.9,906,1019.8,1,1021.6,10.6,9.5,1200,2.23,14,,,,,,2.1,.3,14.8,5.6,15.5,15.3,15.8,16,16.3,17.3,18.5,19.2,17.1,3.3,4.6,,
112,2019-11-02,13.8,10.5,604,17.3,1307,,,,,,,3.9,250,1357,2.7,360,1900,1.5,1255,7,44,1305,64,10.1,1011.9,1022.1,839,1018.5,1739,1020.1,10.6,2,1200,1.28,7.49,,,,,,7.8,2.3,12.4,2.6,14.3,14.6,15.2,15.6,16.2,17.3,18.4,19.1,17.1,1.6,2.2,,
112,2019-11-03,14.9,10.5,738,19.9,1449,,,,,,,7.1,90,1245,4.3,90,1231,2.7,2313,6.6,38,1141,59,9.8,1011.4,1021.9,2320,1018,1359,1019.6,10.6,8,1200,1.94,11.84,,,,,,5,2.3,14.2,6.3,14.7,14.7,15.2,15.4,16,17.2,18.3,19.1,17.1,3,4.2,,
112,2019-11-04,14.2,9.7,723,18.2,1457,,,,,,,6.2,340,1629,4.5,340,1648,2.3,2022,7.2,40,1512,64.4,10.2,1013.5,1023.5,926,1020.4,1521,1021.7,10.5,9.8,1200,2.06,13.08,,,,,,.4,.4,13.9,3.5,14.8,14.8,15.3,15.6,16,17.1,18.2,19.1,17.1,2.3,3.3,,
112,2019-11-05,13.2,10.8,712,16.8,1452,,,,,,,6.8,340,2223,4.2,270,1645,2.2,1926,7.6,47,1448,70.9,10.6,1011,1021.1,857,1017.9,2041,1019.3,10.5,8,1200,2.29,11.4,,,,,,2.4,2.4,13.1,3.3,14.3,14.4,15,15.3,15.9,17,18.1,19,17.1,2.3,3.3,,
112,2019-11-06,11.7,7.6,709,15.5,1425,,,,,,,7.9,340,2246,4.7,340,2253,2.1,1809,3.4,35,1108,57.6,7.9,1008.6,1018.8,827,1015.3,1647,1016.9,10.5,7.3,1200,1.81,10.6,,,,,,4.8,0,11,-.4,13.4,13.7,14.5,15,15.7,16.8,18,18.9,17.1,2.1,3,,
112,2019-11-07,9.4,5.9,2319,11.8,1542,,,,,,,8.5,340,1958,5.5,340,1804,3.5,3066,-2.5,25,1548,46,5.4,1009.8,1021,2227,1015.4,400,1018.2,10.4,9.7,1200,2.11,12.93,,,,,,1.5,0,10.3,2.5,13,13.1,14,14.5,15.3,16.7,17.9,18.9,17.1,3.6,5.2,,
112,2019-11-08,7.3,2.6,649,11.2,1523,,,,,,,7.7,340,34,4.8,20,151,3.3,2814,-7.6,22,1147,34.4,3.5,1013.3,1023.1,853,1020.6,1459,1021.8,10.4,9.8,1200,2.18,13.37,,,,,,0,0,7.7,-1.2,11.2,11.6,12.8,13.6,14.8,16.5,17.8,18.8,17.1,2.9,4.2,,
112,2019-11-09,10.7,6.4,421,15.7,1527,,,,,,,6.2,290,1754,4.1,340,1637,2.1,1852,1.2,28,1416,53,6.7,1013,1023.6,859,1019.2,2355,1021.4,10.4,9.8,1200,2.06,12.56,,,,,,.4,.4,9.7,0,11.2,11.4,12.3,13,14,16.1,17.6,18.8,17.1,2.7,3.8,,
112,2019-11-10,10.8,8.7,507,14.8,1420,4,,,,,21.4,12.5,250,1831,6.2,270,1839,3.2,2779,4.1,35,1417,66,8.4,1002.5,1019.2,1,1004.6,2154,1010.8,10.3,2.9,1400,1.19,6.32,,,,,,9,3,10.2,3.1,11.5,11.7,12.5,13,13.9,15.8,17.4,18.7,17.1,1.8,2.5,22.7,
112,2019-11-11,12.1,9.4,2346,15,1425,2.17,,,,,1.3,9.5,340,1413,6.2,340,1417,4.1,3500,7,53,1404,72.3,10.1,1002.9,1017.3,2230,1004.7,332,1011.2,10.3,8.6,1100,1.97,12.01,,,,,,3.8,3.5,11.6,3.8,12.2,12.3,12.7,13,13.7,15.5,17.2,18.7,17.1,2.2,3.2,,
112,2019-11-12,11,7.7,723,14.3,1314,,,,,,,4.8,230,1325,2.8,340,1515,1.3,1133,3.9,44,1319,62.1,8.1,1012.3,1022.1,2307,1017.3,1,1020.7,10.3,5.6,1200,1.49,8.3,,,,,,4.4,1.3,9.5,.3,11.5,11.8,12.5,13,13.8,15.4,17.1,18.6,17.1,1.5,2.1,,
112,2019-11-13,8.7,3.6,2356,13.2,1509,6,,,,,5.9,15.7,340,2311,9.7,360,2311,4.5,3904,3.4,42,2306,70.4,8.2,1009.1,1022.2,2354,1010.1,1456,1017.5,10.3,0,1200,.32,1.38,,,,,,8.1,5.5,7.9,2.4,10.8,11.2,12,12.6,13.6,15.2,16.9,18.5,17.1,1.6,2.2,5.9,
112,2019-11-14,2.1,-1.1,708,5,1606,,,,,,,13.6,360,317,8.9,360,343,3.8,3292,-10.3,30,951,39.5,2.8,1015.7,1027.5,1014,1021.7,2355,1024.4,10.2,9.4,1200,2.08,12.65,,,,,,1,1,2.8,-3.6,8.3,9,10.4,11.4,13,15.1,16.8,18.5,17.1,2.1,3,11,
112,2019-11-15,7.3,2.6,3,9.9,1443,15.42,,,,,23.4,12.8,140,248,8.3,180,451,3.6,3093,4.9,46,120,85.6,8.9,1008.9,1021.7,1,1015.9,530,1017.4,10.2,1,1400,.63,2.34,,,,,,8.1,6.5,6.6,.8,8.1,8.5,9.5,10.4,10.4,14.7,16.7,18.5,17.2,.5,.7,12.4,
112,2019-11-16,7.3,3.8,559,11.6,1531,,,,,,,5.2,20,1159,3.5,90,2048,1.8,1582,3.6,43,1600,79.8,7.9,1011.9,1021.9,2156,1018,416,1020.4,10.2,5.7,1200,1.88,8.88,,,,,,5.9,4.6,8.1,1.2,9.1,9.2,9.9,10.4,11.2,14,16.3,18.4,17.1,1.5,2.1,,8.48
112,2019-11-17,9.7,7.9,148,13.8,2339,13.25,,,,,23.7,12.4,290,2348,7.9,270,2348,3.8,3260,7.1,67,707,84.8,10.4,1008.2,1022.1,309,1009.6,2248,1016.6,10.1,0,800,.19,1.04,,,,,,9.5,5,7.9,4,9,9.3,10,10.6,11.4,13.7,16,18.3,17.1,.7,1,33.6,
112,2019-11-18,4.8,1.4,2007,13.7,1,6.58,,,,,9.9,16.5,320,450,11,340,454,5.5,4762,-1.2,44,1241,66.3,6,1011.2,1023,1913,1010,11,1019.7,10.1,7.6,1200,1.79,9.97,,,,,,8,4.8,6.5,-.2,9.4,9.7,10.3,10.7,11.5,13.3,15.6,18.1,17.1,1.8,2.5,0,
112,2019-11-19,.7,-2.5,644,3.9,1449,.92,,,,,0,12.2,340,158,7.9,360,219,3.6,3083,-7,43,708,56.8,3.7,1017.6,1030.4,2348,1022.2,52,1026.3,10.1,9.4,1200,1.95,11.25,,,,,,2,2,2.2,-4.8,6.7,7.4,8.6,9.6,11.1,13.2,15.4,18.1,17.2,1.7,2.4,,
112,2019-11-20,1.1,-2.7,726,5.1,1542,,,,,,,7.6,20,339,4.4,50,138,2.7,2339,-11.8,21,1539,38.4,2.5,1023,1033.2,2329,1030.1,107,1031.8,10.1,9.4,1200,1.96,11.83,,,,,,0,0,2.3,-5.5,5.5,6.1,7.5,8.5,10.3,13,15.2,18,17.2,2,2.8,,
112,2019-11-21,5.7,.1,416,9.4,1241,,,,,,,8,140,2303,5.1,140,2303,2.3,1976,-7.8,28,1323,37.3,3.4,1023.1,1034,931,1028.7,2356,1031.8,10,5.5,1100,1.51,7.36,,,,,,7.4,3.3,3.2,-5.6,5.6,6,7,7.9,9.6,12.5,15,17.9,17.2,2,2.9,,
112,2019-11-22,10.8,4.5,514,15.9,1308,,,,,,,6.1,90,1424,4.1,90,1425,2.3,2013,-3.7,16,1450,38.1,4.8,1018.6,1029.3,147,1024.7,1623,1027,10,9.3,1200,1.84,10.83,,,,,,1.3,1.3,6.2,-1.1,7.1,7.2,7.7,8.3,9.4,12.1,14.7,17.8,17.2,2.8,3.9,,
112,2019-11-23,12.7,9.3,722,16.9,1140,,,,,,,6.5,140,1027,3.7,140,1019,1.8,1576,5.5,46,1136,61.9,9,1015.2,1026.1,552,1021.1,2003,1023.6,10,7.1,1100,1.25,7.99,,,,,,5.3,1.9,9.2,2.9,8.4,8.4,8.7,8.9,9.7,11.8,14.5,17.7,17.2,1.7,2.4,,
112,2019-11-24,10.5,3.9,2356,16.8,1111,4.83,,,,,3.8,14,340,2156,8.6,340,2235,3.4,2972,6.3,53,1021,75.9,9.7,1012.2,1026.6,2357,1016.8,1445,1020.5,9.9,2.7,1000,1.21,4.03,,,,,,5.4,4.3,8.6,2.7,9.5,9.5,9.7,9.8,10.2,11.8,14.3,17.6,17.2,1.3,1.8,3.8,1.35
112,2019-11-25,1.4,-2,827,4,1526,,,,,,,12,20,324,7.3,360,326,4.1,3542,-5.1,52,1451,62.1,4.2,1021.4,1031.7,2236,1026.5,7,1030.1,9.9,6.4,1100,1.52,8.28,,,,,,4.6,1,2.5,-3,7.3,7.8,8.8,9.4,10.5,11.9,14.1,17.5,17.1,1.2,1.7,,
112,2019-11-26,6.2,1.6,410,11.8,1311,,,,,,,9.6,360,2348,6.4,360,2349,2.5,2128,.8,52,1234,68.8,6.5,1020.7,1031.3,837,1027.4,1440,1029.3,9.9,8.6,1200,1.78,9.95,,,,,,3,3,5.2,-1.4,6.8,7.1,7.9,8.6,9.8,11.9,14.1,17.4,17.1,1.8,2.6,,
112,2019-11-27,2.9,0,2357,5.6,1416,,,,,,,10,360,517,6.1,360,655,4.5,3884,-6.2,37,1504,51.5,3.9,1020.1,1030.2,947,1027,1444,1028.8,9.9,8.5,1200,1.87,9.89,,,,,,5.6,0,2.6,-1.7,6.6,7.1,7.9,8.5,9.7,11.7,13.9,17.3,17.1,2.1,2.9,,
112,2019-11-28,2.8,-.7,252,8,1427,,,,,,,8.4,20,230,5.6,20,229,3.8,3320,-5.4,48,1028,54.9,4.2,1021.4,1031.3,1009,1028.6,1429,1030.1,9.9,9.1,1200,1.83,10.92,,,,,,2.6,2.6,2.5,-2.6,5.6,6.1,7.1,7.9,9.2,11.5,13.8,17.2,17.1,1.9,2.7,,
112,2019-11-29,2,-1.4,544,5.9,1513,,,,,,,7.9,20,1425,5.4,360,1443,3.1,2671,-10,20,1402,42.5,2.9,1023.1,1033.4,1041,1030.9,21,1031.8,9.8,9.2,1200,1.9,11.15,,,,,,.6,0,1.7,-4.4,5,5.4,6.5,7.4,8.8,11.2,13.6,17.1,17.1,2.1,2.9,,
112,2019-11-30,4.6,.6,710,8.1,1258,,,,,,,5,340,1359,3.2,340,1744,1.7,1434,-4,37,1021,54,4.6,1020,1031.9,139,1026.4,2350,1028.6,9.8,5.4,1100,1.54,7.77,,,,,,6.6,5.4,3,-4.7,5,5.2,6.1,6.9,8.3,10.9,13.4,17,17.1,1.2,1.8,.1,
112,2019-12-01,5.1,3,1915,7.4,1150,20.92,,,,,3.8,8.4,340,2338,5.6,20,1730,2.4,2070,1.4,56,2308,77.5,6.8,1013.5,1026.4,1,1019.7,2010,1022,9.8,0,1100,.65,2.1,,,,,,9.8,6.6,4.8,1.2,6.3,6.4,7,7.4,8.3,10.6,13.2,16.9,17.1,.8,1.2,3.7,.97
112,2019-12-02,.5,-2.4,2359,3.2,1,2.75,,,,,0,14.4,340,1503,9.3,340,1507,4.8,4165,-8.9,28,1111,50.4,3.2,1014.2,1026.3,2348,1019.5,330,1022.9,9.8,9.2,1200,1.79,9.71,,,,,,3.1,2.1,.8,-6,5.1,5.5,6.5,7.3,8.4,10.5,13.1,16.8,17.1,1.7,2.4,0,
112,2019-12-03,1.7,-3.4,224,4.9,1524,7.75,,,,,1.8,9.8,340,2400,5.6,340,2250,2.3,1982,-3.3,48,119,70.3,5.1,1016.3,1026.4,7,1023.7,1420,1025.1,9.8,2.3,1200,.83,3.74,,,,,,7,6.1,1.2,-8.9,3.8,4.2,5.3,6.2,7.8,10.3,12.8,16.6,17,.8,1.2,2.1,
112,2019-12-04,2.5,-1,732,7.1,1344,1.25,,,,,.3,11.8,340,2,7.4,20,2233,3,2623,-7.1,27,1115,50.3,3.7,1020.6,1032.5,2334,1025.9,1,1029.4,9.7,8.5,1200,1.73,9.47,,,,,,1.9,1.9,2.2,-6.2,4.5,4.7,5.5,6.2,7.4,10.1,12.7,16.6,17,2,2.9,,
112,2019-12-05,-4.3,-8.3,2355,0,1,,,,,,,11.5,320,1331,7.7,340,1639,5.5,4765,-15.3,26,1113,41.9,1.9,1027.8,1039.5,2317,1032.5,1,1036.8,9.7,9.3,1200,1.85,10.75,,,,,,0,0,-1.7,-9.7,3.3,3.7,4.9,5.8,7.2,9.7,12.4,16.4,16.9,1.7,2.4,,
112,2019-12-06,-5.1,-9,537,-1.5,1423,,,,,,,7.5,20,23,5.2,20,28,2.7,2299,-15.8,32,1333,43,1.9,1027.3,1039.5,1,1032.8,2356,1036.3,9.7,9.2,1200,1.83,10.69,,,,,,0,0,-2.6,-11.2,2.1,2.5,3.8,4.9,6.6,9.5,12.3,16.4,16.9,1.3,1.8,0,
112,2019-12-07,.1,-4.1,120,4.6,1539,1.92,,,,,.1,6.8,180,404,4.5,180,404,2.4,2075,-5.2,49,1,67.9,4.3,1020.7,1032.8,1,1027.6,1432,1029.5,9.7,4.7,1300,1.58,5.62,,,,,,5.5,5.5,-.1,-9.5,1.8,2.1,3.3,4.4,6,9.2,12.1,16.3,16.9,.8,1.2,.1,
112,2019-12-08,.9,-3.3,645,5,1452,,,,,,,5.6,360,15,3.7,20,136,1.9,1607,-4.9,45,1327,65.9,4.2,1019.9,1030.5,945,1026.8,2351,1028.6,9.7,8.9,1200,1.73,10.09,,,,,,1,0,.2,-9.8,1.9,2.2,3.3,4.1,5.7,8.8,11.9,16.2,17,1.4,1.9,,
112,2019-12-09,5.3,.5,208,8.5,1716,1.83,,,,,0,10.8,180,1907,6.9,180,1937,4.6,3941,-.5,50,1241,66.1,6,1013.6,1027,1,1019.8,1920,1022.1,9.7,1.7,1200,1.12,4.16,,,,,,9,8.6,2.3,-4.2,2.7,2.9,3.6,4.3,5.5,8.5,11.6,16.1,16.9,1.2,1.8,2.4,
112,2019-12-10,8.2,4.5,821,10.1,2022,1.33,,,,,2.4,9.5,200,100,6.3,180,109,2.3,1993,6.4,75,1,88.9,9.6,1010.2,1021.2,947,1016.5,2358,1018.6,9.7,3.8,1100,1.2,6.5,,,,,,7.9,7.4,6.8,1.1,5.3,5.1,5.2,5.3,5.9,8.3,11.4,16,16.9,.9,1.3,0,8.33
112,2019-12-11,6.4,.9,2400,10,545,.5,,,,,0,14.6,340,1814,9.2,340,1821,5.2,4534,.1,45,1559,65.8,6.6,1009.5,1023.9,2349,1014,513,1018,9.6,6.5,1400,1.19,6.99,,,,,,4.4,4.4,5,-.4,6.3,6.3,6.4,6.5,6.7,8.3,11.3,15.9,16.9,2,2.8,,1.7
112,2019-12-12,-.1,-2.1,714,2.5,1514,,,,,,,9.6,360,243,6.5,360,256,3.3,2839,-9.5,30,1433,49.5,3,1020.1,1030.8,2200,1023.9,1,1028.9,9.6,9.2,1200,1.8,10.24,,,,,,0,0,.5,-8.1,4.1,4.4,5.3,6,7,8.5,11.2,15.8,16.9,1.6,2.2,,
112,2019-12-13,3.3,-1.3,533,6,1156,2.58,,,,,1.2,9.6,180,1919,6.6,180,1928,3.8,3288,-5,37,1124,55.6,4.5,1017.5,1030.4,10,1021.5,2314,1026.2,9.6,3.9,1100,1.42,6.23,,,,,,7,3.5,.7,-6.2,3.4,3.6,4.5,5.2,6.5,8.5,11.1,15.7,16.9,1.6,2.4,1.2,
112,2019-12-14,2.6,.9,734,7.9,27,.25,,,,,0,12.8,340,258,8.6,340,147,4.7,4031,-4.5,42,1300,60.1,4.5,1019.5,1030.4,1957,1021.6,45,1028.2,9.6,8.4,1200,1.78,9.93,,,,,,2.9,.4,2.5,-1.9,4.1,4.2,4.8,5.3,6.3,8.4,11,15.6,16.8,1.6,2.2,,
112,2019-12-15,5.2,-.1,212,10.7,1222,,,,,,,5.5,70,344,4.1,90,341,2,1714,-1.6,43,1213,62.5,5.5,1019.9,1030.8,944,1026.5,2252,1028.6,9.6,7.1,1100,1.53,8.14,,,,,,3.6,2.6,2.7,-6.1,4,4.1,4.7,5.2,6.2,8.3,10.9,15.5,16.8,1.3,1.8,,
112,2019-12-16,8.9,3,510,13.7,1450,,,,,,,6.9,160,2359,4.1,180,2400,2.1,1826,1.7,44,1329,62,7,1013.7,1026.7,7,1016.6,2400,1022.1,9.6,5.7,1100,1.46,7.16,,,,,,6.9,5.4,5.5,-1.8,5.1,5,5.3,5.6,6.3,8.2,10.8,15.3,16.8,1.6,2.3,6.6,
112,2019-12-17,7.9,3.4,2354,11.8,32,7.25,,,,,6.7,10,160,551,6.9,340,1428,4.6,3951,4.9,58,33,82,8.8,1007.4,1020.4,2331,1012.8,621,1015.9,9.6,.1,1100,.6,2.6,,,,,,7.6,6.1,6.7,1.8,6.9,6.8,6.8,6.7,6.8,8.1,10.7,15.2,16.8,.8,1.2,.1,
112,2019-12-18,.3,-1.3,2355,3.4,1,,,,,,,9.5,20,147,6.6,360,149,4.1,3547,-5.8,51,1422,63.5,4,1015.6,1026.3,1053,1020.4,5,1024.3,9.6,8.7,1200,1.73,9.72,,,,,,2.6,.9,1.5,-3.1,5,5.3,6,6.5,7.3,8.3,10.7,15.1,16.7,1.4,2,,
112,2019-12-19,-.5,-3.4,650,2.2,1505,.75,,,,,0,7.5,320,1611,5.4,20,333,3.3,2843,-8.8,34,1531,54.8,3.2,1017.5,1027.8,2259,1025.2,19,1026.4,9.6,8.5,1200,1.75,9.56,,,,,,3.4,1.5,.6,-6.5,3.5,3.7,4.8,5.5,6.7,8.3,10.6,15,16.6,1.4,2,0,
112,2019-12-20,-1,-2.9,2244,.9,233,1.5,,,,,0,8.4,20,514,5.8,20,521,3.1,2715,-10.1,29,1432,51.4,3,1020.8,1031.3,1045,1027.2,7,1029.7,9.6,8.7,1200,1.8,10.1,,,,,,2,1,.3,-10.6,3,3.2,4.1,4.9,6.2,8.3,10.6,14.9,16.7,1.6,2.2,,
112,2019-12-21,.2,-3.1,406,2.7,2202,3.75,,,,,2.1,8.2,200,1744,5.4,180,1803,3.3,2810,-5.3,42,335,68.9,4.4,1018,1030.8,1,1023.9,2333,1026.8,9.6,1.1,1000,.86,2.77,,,,,,6,2.8,-1.5,-8.3,2.2,2.5,3.6,4.4,5.7,8,10.5,14.8,16.6,.7,.9,2.1,.4
112,2019-12-22,4.5,1.2,536,8.2,1411,1.5,,,,,.6,8.9,180,2209,6.1,180,2214,2.4,2070,-.4,56,1412,71.3,6,1011.8,1024.8,47,1016.4,2158,1020.4,9.6,5.2,1200,1.44,7.05,,,,,,7.4,2.8,2.6,-3.1,2.6,2.9,3.5,4.1,5.3,7.8,10.4,14.7,16.6,1.1,1.5,5.4,
112,2019-12-23,3.4,.4,2344,6.5,122,2.17,,,,,4.8,8.2,270,53,5.5,340,829,3.4,2967,.6,70,1426,82.3,6.5,1013.7,1026.8,2215,1016.8,137,1022.4,9.6,1,1000,.74,3.55,,,,,,5.4,5,2.8,-1.4,4,4.1,4.5,4.8,5.4,7.5,10.2,14.6,16.6,.7,1,,.53
112,2019-12-24,.7,-2.1,740,4.6,1357,,,,,,,6.2,50,1148,4.6,340,1505,2.9,2471,-5.1,42,1400,66.5,4.2,1018.6,1029.6,1019,1026.1,1438,1027.3,9.6,8.7,1200,1.71,9.38,,,,,,.6,0,1.4,-6.3,3,3.3,4,4.6,5.5,7.4,10.1,14.5,16.5,1.3,1.8,,
112,2019-12-25,2.5,-.8,539,5.8,1446,,,,,,,5.2,340,1601,3.3,360,1602,1.5,1279,-3.7,31,1433,64.8,4.7,1015,1026.6,958,1020.8,2311,1023.6,9.6,2.9,1200,1.36,6.12,,,,,,6.5,4.5,1.4,-7.1,2.8,3,3.7,4.3,5.3,7.3,10,14.4,16.5,1,1.5,.1,
112,2019-12-26,2,-1.5,2355,4,1427,3.92,,,,,.2,11.9,340,2010,7.7,340,2100,4,3479,-3.1,57,1448,69.1,4.9,1009.4,1020.8,12,1015.5,1429,1018.1,9.6,1.2,1400,1,4.01,,,,,,6.5,4.9,2.2,-2.9,3.4,3.6,4.1,4.5,5.4,7.3,10,14.4,16.6,1,1.5,.1,
112,2019-12-27,-1,-3.5,813,2.1,1457,,,,,,,8.3,340,116,6,340,301,2.8,2422,-9.9,30,1427,51.6,2.9,1016.2,1027.6,2309,1020.2,1,1025,9.6,9,1200,1.8,10.17,,,,,,0,0,-.7,-8.8,2.4,2.7,3.6,4.2,5.2,7.1,9.7,14.2,16.4,1.5,2.2,,
112,2019-12-28,2.6,-1.7,704,5.9,1311,,,,,,,7.9,200,241,5.3,180,246,3.4,2914,-7,38,1146,49.4,3.7,1019.3,1028.7,2112,1026.9,1358,1028,9.6,5.4,1200,1.63,7.23,,,,,,4.4,4.4,-.4,-5,2,2.3,3.1,3.8,4.9,7,9.6,14.1,16.4,1.7,2.4,,
112,2019-12-29,4.9,2.5,515,7.3,1532,6.25,,,,,.9,8.4,140,1139,4.6,140,1144,2.8,2440,-3.4,37,1239,56.8,5,1016.4,1028.5,1,1022.4,2303,1025,9.6,0,1200,.61,3.49,,,,,,9.4,5.3,2.3,-2.1,2.7,2.9,3.4,3.8,4.8,6.9,9.6,14.1,16.4,1.1,1.6,.9,
112,2019-12-30,2.4,-5.4,2356,6.4,1026,4,,,,,.1,17.8,340,2335,11.6,340,2329,4.6,3938,-2,53,2113,72.9,5.7,1015.4,1030,2354,1020.7,525,1024.1,9.6,.6,1000,.45,2.75,,,,,,6.1,5.9,2,-6,4,4,4.3,4.5,5,6.8,9.5,14,16.4,1.1,1.5,.1,
112,2019-12-31,-7.3,-9.9,753,-5.3,2350,1.75,,,,,0,14.3,360,111,9.6,340,101,5,4343,-16.2,36,1343,49,1.7,1025.9,1037.5,1018,1029.8,9,1035,9.6,9.3,1200,1.86,10.71,,,,,,1.1,1.1,-5.7,-12.2,1.9,2.2,3.2,4,5,6.6,9.2,13.7,16.2,1.1,1.6,0,
